Name,Type,TextBox,Subtype,Cost,Attack,Speed,Health,Legendary,Patron,VersionAdded,ArtType,ArtCredit,HasAnimation,AnimationCount,AnimationTypes,StarterDecks,MentionedCards
Artifact of the End,Minion,Legendary. Haste. Lifelink. Arrival: The enemy commander gains 3 Doom. Postmortem: Shuffle this into your deck.,Mech,3,5,4,5,True,Treasure,0.4.19,COMMISSIONED_PLACEHOLDER,Devora Studios,True,17,CompositeFXAnimation;LoopingParticle;ParticleDisplayFXAnimation;RandomSoundFXAnimation;SingleSoundFXAnimation,,
Daemon Familiar,Minion,"Legendary. Arrival: Choose to gain either Haste and Flying OR Lifelink and <sprite name=""power_1""><sprite name=""speed_1""><sprite name=""health_1"">.",Daemon,5,4,3,4,True,Shadis,0.4.27,ARTIST_COMMISSIONED,Tomas Vinco,True,14,CompositeFXAnimation;ParticleDisplayFXAnimation;RandomSoundFXAnimation;SingleSoundFXAnimation,,
Daemon Knight,Minion,"Trample.  (When attacking and killing an enemy, regain an Attack.)",Daemon,5,4,4,4,,Shadis,0.4.38,ARTIST_COMMISSIONED,Marc Petrelis,True,8,CompositeFXAnimation;RandomSoundFXAnimation,,
Dark Offering,Spell,"Your commander takes 3 damage. Draw 2 cards. Gain <sprite name=""mana_2""> this turn.",None,0,,,,,Shadis,0.4.25,COMMISSIONED_PLACEHOLDER,Amna Zaki,True,1,RandomSoundFXAnimation,,
Dragon,Minion,Flying.  (Can occupy non-traversable tiles.),Dragon,5,4,4,4,,Neutral,0.4.16,COMMISSIONED_PLACEHOLDER,Devora Studios,True,7,CompositeFXAnimation;RandomSoundFXAnimation,,
Durka Spawn,Minion,,Beast,0,1,3,1,,Neutral,0.4.8,COMMISSIONED_PLACEHOLDER,Devora Studios,True,7,CompositeFXAnimation;RandomSoundFXAnimation,,
Illusion,Minion,Frail.  (Destroy this minion after taking any damage.),Psychic,2,3,2,3,,Archaeon,0.4.25,COMMISSIONED_PLACEHOLDER,Indra Atmana,True,5,RandomSoundFXAnimation,,
Lucian Soldier,Minion,"Commander-Deploy.  (Can be played outside of your territory, if next to your commander.)",Human,0,1,3,1,,Lucia,0.1.16,COMMISSIONED_PLACEHOLDER,Devora Studios,True,7,CompositeFXAnimation;RandomSoundFXAnimation,,
Zombie,Minion,,Undead,2,2,2,2,,Shadis,0.4.18,COMMISSIONED_PLACEHOLDER,Amna Zaki,True,7,CompositeFXAnimation;RandomSoundFXAnimation,,
