Name,TextBox,Subtype,Dominion,Intellect,Speed,Health,Patron,VersionAdded,ArtType,ArtCredit,HasAnimation,AnimationCount,AnimationTypes,MentionedCards
Captain Greenbeard,"[Cooldown 2]: Until end of the turn, minions you control in enemy territory have Haste.",Goblin,5,7,1,28,Skaal,0.1.1,ARTIST_COMMISSIONED,Tomas Vinco,True,17,CompositeFXAnimation;RandomSoundFXAnimation;SingleSoundFXAnimation,
"Elber, Jungle Emissary","When you play a card that costs 8 or more, Elber, Jungle Emissary heals <sprite name=""health_4"">.",Beast,7,7,1,33,Grenalia,0.1.7,ARTIST_COMMISSIONED,Tomas Vinco,True,17,CharacterSqueezeFXAnimation;CompositeFXAnimation;RandomSoundFXAnimation;TimedParticleFXAnimation,
Elyse of the Order,"[Warmup 6]: Summon a Lucian Soldier. When you play a minion, reduce Warmup by 1.",Human,6,8,1,26,Lucia,0.1.16,ARTIST_COMMISSIONED,Tomas Vinco,True,25,CompositeFXAnimation;RandomSoundFXAnimation;TimedParticleFXAnimation,Lucian Soldier
Executor Ginn,"[Pay <sprite name=""mana_2"">, Cooldown 1]: Sacrifice target minion and convert the tile it occupied to a Village.",Human,6,7,1,30,Lucia,0.2.10,ARTIST_COMMISSIONED,Tomas Vinco,True,19,CameraShakeFXAnimation;CompositeFXAnimation;RandomSoundFXAnimation;TimedParticleFXAnimation,
Fael Spiritwalker,"[Warmup 13]: Summon a Daemon Familiar. When a minion dies, reduce Warmup by 1.",Human,5,7,1,27,Shadis,0.4.27,ARTIST_COMMISSIONED,Tomas Vinco,True,27,CompositeFXAnimation;ParticleDisplayFXAnimation;RandomSoundFXAnimation;SingleSoundFXAnimation,Daemon Familiar
It That Weaves,"[Cooldown 2, Range 4]: Pull target minion in a straight line to It That Weaves. It has -<sprite name=""power_1""><sprite name=""speed_1""><sprite name=""health_1""> until the end of its controller's turn.",Arachnid,5,7,2,27,Archaeon,0.4.38,ARTIST_COMMISSIONED,Marc Petrelis,True,16,CompositeFXAnimation;ParticleTwoPointMotionFXAnimation;RandomSoundFXAnimation,
"Jagris, the Huntsman","[Cooldown 3, Range 2]: Target minion gains +<sprite name=""power_1""><sprite name=""speed_1""><sprite name=""health_1"">.",Human,5,8,1,29,Grenalia,0.1.12,ARTIST_COMMISSIONED,Tomas Vinco,True,16,CharacterSqueezeFXAnimation;CompositeFXAnimation;RandomSoundFXAnimation,
"Kai, Longcount Shaman","[Warmup 25]: The enemy commander gains 5 Doom. When you play a spell, reduce Warmup by 1.",Human,6,10,1,30,Skaal,0.1.21,ARTIST_COMMISSIONED,Tomas Vinco,True,17,CompositeFXAnimation;KeystoneFXAnimation;LoopingParticle;ParticleDisplayFXAnimation;RandomSoundFXAnimation;SingleSoundFXAnimation,
"Lazim, Thief of Gods","Your deck may contain cards from any Patron, but not Neutral cards.",Human,6,8,1,25,Neutral,0.1.2,ARTIST_COMMISSIONED,Tomas Vinco,True,12,CompositeFXAnimation;RandomSoundFXAnimation,
"Lubela, Tender of the Wilds","When you play a minion in your territory, it gains +<sprite name=""health_2""> until the start of your next turn.",Human,6,8,1,31,Grenalia,0.1.1,ARTIST_COMMISSIONED,Tomas Vinco,True,20,CharacterSqueezeFXAnimation;CompositeFXAnimation;LoopingParticle;ParticleDisplayFXAnimation;RandomSoundFXAnimation,
Macks Speed,"[Cooldown 3, Range 2]: Target character gains +<sprite name=""speed_2""> and Trample until end of the turn.",Human,5,7,2,29,Skaal,0.1.11,ARTIST_COMMISSIONED,Tomas Vinco,True,19,CharacterSqueezeFXAnimation;CompositeFXAnimation;LoopingParticle;RandomSoundFXAnimation,
Milo Sunstone,"[Cooldown 2, Range 3]: Target character heals <sprite name=""health_3"">.",Dwarf,6,7,1,32,Lucia,0.1.1,ARTIST_COMMISSIONED,Tomas Vinco,True,17,CompositeFXAnimation;ParticleDisplayFXAnimation;RandomSoundFXAnimation;SingleSoundFXAnimation,
Newhaven Township,Realmbound. Your Village tiles produce an additional Mana. You may claim uncontested tiles at a distance.,Village,5,7,0,33,Neutral,0.4.15,ARTIST_COMMISSIONED,Tomas Vinco,True,13,CompositeFXAnimation;RandomSoundFXAnimation,
Rosirix the Witch,"[Once Per Game]: Lose <sprite name=""intellect_1""> Intellect, then draw cards until your hand is full.",Human,6,6,1,31,Archaeon,0.6.11,ARTIST_COMMISSIONED,Tomas Vinco,True,19,CharacterSqueezeFXAnimation;CompositeFXAnimation;ParticleOrbitFXAnimation;RandomSoundFXAnimation;TimedParticleFXAnimation,
Soultaker Viessa,"[Warmup 3, Range 2]: Deal 2 damage to target character and Soultaker Viessa heals <sprite name=""health_2"">.",Vampire,6,8,1,30,Shadis,0.1.1,ARTIST_COMMISSIONED,Tomas Vinco,True,17,CharacterSqueezeFXAnimation;CompositeFXAnimation;ParticleOrbitFXAnimation;RandomSoundFXAnimation;SingleSoundFXAnimation,
Starwise Luna,[Cooldown 5]: Refresh all but one of your Mana.,Dwarf,6,7,1,26,Archaeon,0.4.14,ARTIST_COMMISSIONED,Tomas Vinco,True,16,CompositeFXAnimation;ParticleDisplayFXAnimation;RandomSoundFXAnimation;SingleSoundFXAnimation,
