Name,Type,TextBox,Subtype,Cost,Attack,Speed,Health,Legendary,Patron,VersionAdded,ArtType,ArtCredit,HasAnimation,AnimationCount,AnimationTypes,StarterDecks,MentionedCards
Acid Rain,Spell,"[Range 4]: Convert target tile to a Toxic Swamp, where characters gain 1 Poison. Destroy enemy commanders' Weapons.",None,1,,,,,Grenalia,0.1.1,ARTIST_COMMISSIONED,Marc Petrelis,True,8,LoopingParticle;ParticleDisplayFXAnimation;RandomSoundFXAnimation;SingleSoundFXAnimation,,
Acrid Potion,Spell,"[Range 2]: Target minion gains +<sprite name=""power_1"">, Fatal, and Lifelink.",Potion,2,,,,,Shadis,0.4.28,ARTIST_COMMISSIONED,Tomas Vinco,True,10,CompositeFXAnimation;LoopingParticle;ParticleDisplayFXAnimation;RandomSoundFXAnimation;SingleSoundFXAnimation;SpriteProjectileFXAnimation,,
Action Surge,Spell,Target character you control gains +1 Movement and regains an Attack. Draw a card.,None,2,,,,,Skaal,0.1.1,ARTIST_COMMISSIONED,Tomas Vinco,True,3,RandomSoundFXAnimation,Starter Deploy,
Alchemist,Minion,Arrival: Draw a Potion from your deck.,Human,2,2,3,3,,Neutral,0.1.7,COMMISSIONED_PLACEHOLDER,Devora Studios,True,8,CompositeFXAnimation;RandomSoundFXAnimation,,
Ancient Golem,Minion,"Costs <sprite name=""mana_1""> less per card in your hand.",Mech,11,9,3,9,,Neutral,0.4.17,COMMISSIONED_PLACEHOLDER,Devora Studios,True,11,BattleHit;BattleSound;CompositeFXAnimation;RandomSoundFXAnimation,,
Angelic Captain,Minion,Flying. Arrival AND at the start of your turn: Ally minions within Range 4 gain +1 Movement until end of the turn.,Angel,4,4,3,4,,Lucia,0.1.7,COMMISSIONED_PLACEHOLDER,Devora Studios,True,10,BattleHit;BattleSound;CompositeFXAnimation;RandomSoundFXAnimation,,
Angel's Grace,Spell,"[Range 4]: Target character gains +4 Movement until end of the turn. If it's a minion, it gains Flying until end of the turn.",None,1,,,,,Lucia,0.1.4,COMMISSIONED_PLACEHOLDER,Devora Studios,True,2,RandomSoundFXAnimation,,
Apothecary,Minion,"Realmbound. When you play a Potion, draw a card.",Human,3,2,3,3,,Neutral,0.1.4,COMMISSIONED_PLACEHOLDER,Devora Studios,True,8,CompositeFXAnimation;RandomSoundFXAnimation,,
Apprentice Mage,Minion,"Spellcaster. [Arrival, Pay <sprite name=""mana_1"">]: Draw a card.",Elf,2,3,3,2,,Archaeon,0.4.38,COMMISSIONED_PLACEHOLDER,Indra Atmana,True,8,CompositeFXAnimation;RandomSoundFXAnimation,,
Archpaladin Erix,Minion,Legendary. Flying. Sentinel. Arrival: Set the Power of ALL minions equal to their Health.,Dwarf,6,2,2,7,True,Lucia,0.6.10,COMMISSIONED_PLACEHOLDER,Devora Studios,True,12,BattleHit;BattleSound;CompositeFXAnimation;RandomSoundFXAnimation,,
Asera,Minion,"Legendary. [Pay <sprite name=""mana_1"">]: Draw a card, deal 2 damage to Asera.",Dragon,10,5,4,13,True,Neutral,0.2.10,ARTIST_COMMISSIONED,Marc Petrelis,True,15,CompositeFXAnimation;RandomSoundFXAnimation,,
Assistant Chemist,Minion,"Potions in your hand cost <sprite name=""mana_1""> less.",Dwarf,2,3,2,2,,Neutral,0.3.4,COMMISSIONED_PLACEHOLDER,Devora Studios,True,7,CompositeFXAnimation;RandomSoundFXAnimation,,
"Atlas, First to Walk",Minion,"Legendary. Trample. Haste. Atlas gains +<sprite name=""power_1""><sprite name=""speed_1""><sprite name=""health_1""> when a tile is unclaimed. Arrival: Unclaim ALL tiles within Range 2.",Titan,15,10,0,10,True,Neutral,0.1.1,ARTIST_COMMISSIONED,Marc Petrelis,True,12,CompositeFXAnimation;ParticleDisplayFXAnimation;RandomSoundFXAnimation;SingleSoundFXAnimation,,
Baby Raptor,Minion,"Has +<sprite name=""power_2""> and +<sprite name=""speed_2""> if you control at least 2 other Beasts.",Beast,1,1,2,2,,Neutral,0.2.5,COMMISSIONED_PLACEHOLDER,Ramon Gomez,True,8,CompositeFXAnimation;RandomSoundFXAnimation,Starter Beasts,
Badland Mercenary,Minion,"[Cooldown 2, Range 1]: Deal 1 damage to target ally minion and give it +<sprite name=""power_2"">.",Human,1,2,3,1,,Neutral,0.2.1,COMMISSIONED_PLACEHOLDER,Indra Atmana,True,10,CompositeFXAnimation;RandomSoundFXAnimation,,
Battlefield Savior,Minion,"Sentinel. [Arrival, Range 3]: Target character heals <sprite name=""health_5"">.",Human,3,3,3,3,,Neutral,0.1.4,COMMISSIONED_PLACEHOLDER,Devora Studios,True,10,CompositeFXAnimation;RandomSoundFXAnimation,,
Battlefield Webspinner,Minion,"Deploy. [Arrival, Pay <sprite name=""mana_1"">]: Stun target adjacent minion.",Arachnid,3,2,3,4,,Archaeon,0.4.38,COMMISSIONED_PLACEHOLDER,Devora Studios,True,10,CompositeFXAnimation;RandomSoundFXAnimation,,
Beast Trainer,Minion,"[Arrival, Range 1]: Summon 2 Beasts from your deck that cost 2 or less. They have Deploy.",Human,4,2,3,3,,Grenalia,0.4.23,COMMISSIONED_PLACEHOLDER,Devora Studios,True,8,CompositeFXAnimation;RandomSoundFXAnimation,,
Big Game Hunter,Minion,"[Arrival, Range 3]: Destroy target enemy minion with Power <sprite name=""power_5""> or more.",Dwarf,4,4,2,2,,Neutral,0.4.14,ARTIST_COMMISSIONED,Tomas Vinco,True,10,CompositeFXAnimation;RandomSoundFXAnimation,,
Black Dragon,Minion,"Flying. Fatal. [Warmup 3, Range 2]: Destroy target minion.",Dragon,5,7,4,5,,Shadis,0.4.15,ARTIST_COMMISSIONED,Marc Petrelis,True,22,AimedParticleFXAnimation;BattleHit;BattleSound;BoardTintFXAnimation;CameraShakeFXAnimation;CharacterSqueezeFXAnimation;CompositeFXAnimation;ParticleDisplayFXAnimation;RandomSoundFXAnimation,,
Black Scorpion,Minion,Fatal.  (Destroy any enemy minion this damages.),Arachnid,2,1,3,3,,Neutral,0.4.15,COMMISSIONED_PLACEHOLDER,Devora Studios,True,11,BattleHit;BattleSound;CompositeFXAnimation;RandomSoundFXAnimation,Starter Death,
Blessed Force,Spell,"Destroy ALL minions with Power <sprite name=""power_3""> or less within Range 3.",None,5,,,,,Lucia,0.1.2,ARTIST_COMMISSIONED,Tomas Vinco,True,2,RandomSoundFXAnimation,,
Blinkshot,Minion,"[Cooldown 2, Range 2]: Deal 4 damage to target character. [Cooldown 2, Range 2]: Teleport.",Arachnid,6,4,3,3,,Archaeon,0.4.25,ARTIST_COMMISSIONED,Marc Petrelis,True,13,CompositeFXAnimation;ParticleDisplayFXAnimation;ParticleTwoPointMotionFXAnimation;RandomSoundFXAnimation;SandevistanTrailFX;SingleSoundFXAnimation,Starter Mage,
Bloodrush,Spell,Your characters gain +2 Movement. Your commander takes 2 damage. Draw a card.,None,1,,,,,Skaal,0.2.1,COMMISSIONED_PLACEHOLDER,Indra Atmana,True,3,RandomSoundFXAnimation,,
Blue Dragon,Minion,"Flying. Spellcaster. [Warmup 3, Range 2]: Deal 2 damage to ALL characters within 1 Radius and Stun any minions.",Dragon,4,4,4,5,,Archaeon,0.4.15,ARTIST_COMMISSIONED,Marc Petrelis,True,26,AimedParticleFXAnimation;BoardTintFXAnimation;CameraShakeFXAnimation;CharacterSqueezeFXAnimation;CompositeFXAnimation;ParticleDisplayFXAnimation;RandomSoundFXAnimation,,
Bramble,Minion,Commander-Deploy. Arrival: Add a copy of this to your hand with Ethereal.,Plant,2,3,0,3,,Grenalia,0.4.22,COMMISSIONED_PLACEHOLDER,Devora Studios,True,7,CardLoopingParticle;RandomSoundFXAnimation,,
Brash Outfitter,Minion,"Minions in your hand cost <sprite name=""mana_1""> less. When you play a minion whose card costs 3 or more, deal 1 damage to it.",Goblin,2,3,2,1,,Skaal,0.3.4,COMMISSIONED_PLACEHOLDER,Amna Zaki,True,9,CompositeFXAnimation;RandomSoundFXAnimation,,
Burgeon,Spell,Claim target uncontested tile adjacent to your territory. Add a copy of this to your hand with Ethereal.,None,2,,,,,Grenalia,0.4.6,COMMISSIONED_PLACEHOLDER,Devora Studios,True,4,CardLoopingParticle;RandomSoundFXAnimation,,
Call of the Jungle,Spell,"[Range 3]: Target ally Beast gains +<sprite name=""power_2""><sprite name=""speed_2""><sprite name=""health_2""> and Trample.",None,3,,,,,Grenalia,0.1.1,AI_GENERATED,Stable Diffusion,True,3,RandomSoundFXAnimation,Starter Beasts,
Champion of the Wilds,Minion,[Cooldown 1]: Claim the current tile if it's adjacent to your territory. (Can claim enemy tiles),Beast,5,3,2,7,,Neutral,0.1.4,COMMISSIONED_PLACEHOLDER,Ramon Gomez,True,8,CompositeFXAnimation;RandomSoundFXAnimation,,
Chant of the Old Ones,Spell,"[Range 3]: Target character gains 3 Poison. Your commander heals <sprite name=""health_3"">. Draw 3 minions from your deck, they cost <sprite name=""mana_3""> less.",None,9,,,,,Grenalia,0.1.14,ARTIST_COMMISSIONED,Tomas Vinco,True,7,LoopingParticle;ParticleDisplayFXAnimation;RandomSoundFXAnimation,,
Charge Up,Spell,Your commander permanently gains Spell-Damage +2.,Lightning,6,,,,,Skaal,0.4.26,COMMISSIONED_PLACEHOLDER,Indra Atmana,True,1,RandomSoundFXAnimation,,
Charger,Minion,[Warmup 1]: Target adjacent ally gains +1 Movement and regains an Attack.,Mech,2,2,3,3,,Neutral,0.1.27,COMMISSIONED_PLACEHOLDER,Devora Studios,True,10,CompositeFXAnimation;RandomSoundFXAnimation,,
Citadel Lord,Minion,"Arrival: Gain +<sprite name=""power_2""> and +<sprite name=""health_2""> per ally minion within Range 4.",Giant,5,3,3,3,,Neutral,0.1.12,COMMISSIONED_PLACEHOLDER,Devora Studios,True,9,CompositeFXAnimation;RandomSoundFXAnimation,,
City Planning,Spell,"Draw 2 Village cards from your deck. They cost <sprite name=""mana_1""> less.",None,2,,,,,Lucia,0.6.2,COMMISSIONED_PLACEHOLDER,Devora Studios,True,1,RandomSoundFXAnimation,,
Cloning Magic,Spell,[Range 2]: Shuffle 3 copies of target minion into your deck.,Psychic,1,,,,,Archaeon,0.4.28,COMMISSIONED_PLACEHOLDER,Indra Atmana,True,2,RandomSoundFXAnimation,,
Combust,Spell,"Target ally minion deals damage equal to its Power to adjacent characters, then dies.",Fire,2,,,,,Skaal,0.4.26,COMMISSIONED_PLACEHOLDER,Indra Atmana,True,4,RandomSoundFXAnimation,,
Cone of Cold,Spell,[Range 2]: Deal 2 damage to ALL characters within 1 Radius and Stun any minions.,Frost,5,,,,,Archaeon,0.4.15,ARTIST_COMMISSIONED,Marc Petrelis,True,7,ParticleDisplayFXAnimation;RandomSoundFXAnimation;SingleSoundFXAnimation,Starter Mage,
Conscription,Spell,Add 3 Lucian Soldiers to your hand with Ethereal.,None,3,,,,,Lucia,0.4.6,COMMISSIONED_PLACEHOLDER,Devora Studios,True,10,CardLoopingParticle;CompositeFXAnimation;RandomSoundFXAnimation;SingleSoundFXAnimation,,Lucian Soldier
Crimson Flameblade,Spell,"Weapon When you attack a minion, excess damage is dealt to the enemy commander.",None,2,,,,,Skaal,1.2.1,COMMISSIONED_PLACEHOLDER,Amna Zaki,True,7,RandomSoundFXAnimation;WeaponBattleSound;WeaponDestroySound;WeaponEquipSound;WeaponHit;WeaponSlash,,
Crippling Tax,Spell,"Destroy target Village you own. Draw 3 cards. Gain <sprite name=""dominion_3""> Dominion.",None,4,,,,,Lucia,0.4.4,COMMISSIONED_PLACEHOLDER,Devora Studios,True,3,RandomSoundFXAnimation,,
Cursed Deathspear,Spell,"Weapon Lifelink. When your commander takes damage, give your Weapon +<sprite name=""power_1"">.",None,3,,,,,Shadis,1.2.1,COMMISSIONED_PLACEHOLDER,Amna Zaki,True,7,RandomSoundFXAnimation;WeaponBattleSound;WeaponDestroySound;WeaponEquipSound;WeaponHit;WeaponSlash,,
Daemonic Summoning,Spell,"Draw a Daemon from your deck. It costs <sprite name=""mana_3""> less.",None,3,,,,,Shadis,0.4.28,ARTIST_COMMISSIONED,Marc Petrelis,True,1,RandomSoundFXAnimation,,
Daemonprince Grizlocke,Minion,"Legendary. Flying. Trample. [Cooldown 1, Range 1]: Claim target unoccupied tile, gain <sprite name=""dominion_1""> Dominion, and summon a Daemon Knight.",Daemon,12,13,3,13,True,Shadis,0.4.38,ARTIST_COMMISSIONED,Marc Petrelis,True,16,BattleHit;BattleSound;CompositeFXAnimation;RandomSoundFXAnimation,,Daemon Knight
"Danrir, Omenhound",Minion,"Legendary. When Danrir attacks and kills an enemy minion, Danrir gains +<sprite name=""power_2""> and +<sprite name=""health_2"">.",Beast,4,4,4,4,True,Neutral,0.1.1,ARTIST_COMMISSIONED,Tomas Vinco,True,10,BattleHit;BattleSound;CompositeFXAnimation;RandomSoundFXAnimation,Starter Beasts,
Darkroot Ooze,Minion,"When Darkroot Ooze battles, double the enemy's Poison.",None,2,1,3,3,,Grenalia,0.1.14,COMMISSIONED_PLACEHOLDER,Devora Studios,True,12,BattleHit;BattleSound;LoopingParticle;ParticleDisplayFXAnimation;RandomSoundFXAnimation,,
Darkroot Shiv,Spell,"Weapon When you attack, the defender gains 2 Poison.",None,1,,,,,Grenalia,1.2.1,COMMISSIONED_PLACEHOLDER,Amna Zaki,True,11,LoopingParticle;ParticleDisplayFXAnimation;RandomSoundFXAnimation;WeaponBattleSound;WeaponDestroySound;WeaponEquipSound;WeaponHit;WeaponSlash,,
Darkroot Witch,Minion,Spellcaster. Arrival: Add a Poison Sting to your hand.,Elf,2,1,3,2,,Grenalia,0.1.14,ARTIST_COMMISSIONED,Marc Petrelis,True,13,CompositeFXAnimation;LoopingParticle;ParticleDisplayFXAnimation;RandomSoundFXAnimation,,Poison Sting
Darkwing,Minion,Commander-Deploy. Flying. Arrival: Deal 2 damage to ALL non-Daemon characters.,Daemon,7,7,3,4,,Shadis,0.4.27,AI_GENERATED,DALL-E,True,15,BoardTintFXAnimation;CharacterSpinFXAnimation;CompositeFXAnimation;ParticleDisplayFXAnimation;ProjectileRainFXAnimation;RandomSoundFXAnimation,,
Deathquill,Minion,"[Cooldown 1, Range 2]: Deal 1 damage to target enemy and it gains 1 Poison.",Beast,4,3,1,5,,Neutral,0.1.14,COMMISSIONED_PLACEHOLDER,Ramon Gomez,True,18,CompositeFXAnimation;LoopingParticle;ParticleDisplayFXAnimation;ParticleTwoPointMotionFXAnimation;RandomSoundFXAnimation;SingleSoundFXAnimation,,
Demilich,Minion,Spellcaster. Arrival AND Postmortem: Draw a card.,Undead,6,5,2,4,,Neutral,0.4.42,COMMISSIONED_PLACEHOLDER,Amna Zaki,True,11,BattleHit;BattleSound;CompositeFXAnimation;RandomSoundFXAnimation,Starter Mage,
Devout Caretaker,Minion,Sentinel. Arrival: Add 2 Lucian Soldiers to your hand.,Human,4,1,3,5,,Lucia,0.1.21,COMMISSIONED_PLACEHOLDER,Elvis Esparago,True,16,CompositeFXAnimation;RandomSoundFXAnimation,,Lucian Soldier
Diplomatic Envoy,Minion,"Spellcaster. Arrival: Gain <sprite name=""intellect_2""> Intellect. (Intellect is your max hand size.)",Elf,2,2,3,3,,Neutral,0.6.11,COMMISSIONED_PLACEHOLDER,Indra Atmana,True,7,CompositeFXAnimation;RandomSoundFXAnimation,,
Domination,Spell,Gain control of target enemy minion.,Psychic,9,,,,,Shadis,0.4.21,COMMISSIONED_PLACEHOLDER,Amna Zaki,True,2,RandomSoundFXAnimation,,
Draconic Mage,Minion,Flying. Spellcaster. Spell-Damage +2. Arrival: Draw a spell from your deck and add 2 extra copies of it to your hand.,Dragon,10,10,4,8,,Neutral,0.6.11,COMMISSIONED_PLACEHOLDER,Devora Studios,True,10,BattleHit;BattleSound;CompositeFXAnimation;RandomSoundFXAnimation,,
Dragon Egg,Minion,"Postmortem: Summon a <sprite name=""power_4""><sprite name=""speed_4""><sprite name=""health_4""> Dragon with Flying.",Dragon,2,0,0,2,,Neutral,0.4.16,COMMISSIONED_PLACEHOLDER,Devora Studios,True,11,CompositeFXAnimation;RandomSoundFXAnimation,,Dragon
Dragon Tamer,Minion,"Realmbound. Dragons in your hand cost <sprite name=""mana_2""> less.",Human,3,3,3,2,,Neutral,0.4.8,ARTIST_COMMISSIONED,Tomas Vinco,True,6,CompositeFXAnimation;RandomSoundFXAnimation,,
Dragonkin Evoker,Minion,"Realmbound. Spell-Damage +1. When ANY spell is played, deal 1 damage to enemy commanders.",Dragon,1,0,2,3,,Neutral,0.3.4,COMMISSIONED_PLACEHOLDER,Devora Studios,True,9,CompositeFXAnimation;RandomSoundFXAnimation,,
Dragon's Breath,Spell,[Range 4]: Deal 5 damage to target minion. You can't play Dragon's Breath unless you control a Dragon or have a Dragon card in your hand.,Fire,2,,,,,Skaal,0.6.11,COMMISSIONED_PLACEHOLDER,Indra Atmana,True,3,CompositeFXAnimation;RandomSoundFXAnimation,,
Drain Energy,Spell,"Target enemy minion loses <sprite name=""power_3""> and <sprite name=""health_3""> until end of the turn. Your commander heals <sprite name=""health_3"">.",None,2,,,,,Shadis,0.4.15,COMMISSIONED_PLACEHOLDER,Devora Studios,True,8,CharacterSqueezeFXAnimation;CompositeFXAnimation;LoopingParticle;ParticleOrbitFXAnimation;PortraitShaderFXAnimation;RandomSoundFXAnimation;SingleSoundFXAnimation,Starter Death,
Drakemire Shaman,Minion,"Spellcaster. Arrival: Draw a Dragon. When an ally Dragon within Range 2 attacks, add a Poison Sting to your hand.",Elf,4,3,2,4,,Grenalia,0.4.38,ARTIST_COMMISSIONED,Tomas Vinco,True,14,CompositeFXAnimation;LoopingParticle;ParticleDisplayFXAnimation;RandomSoundFXAnimation,,Poison Sting
Dread Knight,Minion,"Commander-Deploy. Enemy minions within Range 2 have -<sprite name=""power_1"">.",Human,6,7,3,6,,Neutral,0.1.1,ARTIST_COMMISSIONED,Marc Petrelis,True,9,AuraSigil;BattleSound;CompositeFXAnimation;RandomSoundFXAnimation,"Starter Death, Starter Deploy",
Dread Proclamation,Spell,"Until end of the turn, all enemy minions lose <sprite name=""power_1""> and <sprite name=""health_1"">. When an enemy dies this turn, gain <sprite name=""dominion_1""> Dominion.",Psychic,3,,,,,Shadis,0.4.24,COMMISSIONED_PLACEHOLDER,Amna Zaki,True,2,RandomSoundFXAnimation,,
Dreadlord Cyrion,Minion,"Legendary. Commander-Deploy. Enemy minions within Range 2 have -<sprite name=""power_1""><sprite name=""speed_1""><sprite name=""health_1"">.",Human,7,8,3,6,True,Neutral,0.1.21,ARTIST_COMMISSIONED,Marc Petrelis,True,9,AuraSigil;BattleSound;CompositeFXAnimation;RandomSoundFXAnimation,,
Drowsy Lizard,Minion,"[Arrival, Range 4]: Silence target minion.",Beast,2,2,1,3,,Neutral,0.1.1,ARTIST_COMMISSIONED,Tomas Vinco,True,9,CompositeFXAnimation;RandomSoundFXAnimation,,
Durka Wurm,Minion,"Postmortem: Summon a <sprite name=""power_1""><sprite name=""speed_3""><sprite name=""health_1""> Durka Spawn in every unoccupied tile within Range 1.",Beast,8,7,4,7,,Neutral,0.4.8,COMMISSIONED_PLACEHOLDER,Devora Studios,True,11,CompositeFXAnimation;RandomSoundFXAnimation,,Durka Spawn
Dwarven Battlepriest,Minion,"Spellcaster. [Arrival, Range 4]: Target ally minion gains +<sprite name=""health_3"">.",Dwarf,2,2,2,3,,Lucia,0.4.2,COMMISSIONED_PLACEHOLDER,Devora Studios,True,9,CompositeFXAnimation;RandomSoundFXAnimation,Starter Military,
Dwarven Stout,Spell,"[Range 2]: Target Dwarf minion gains +<sprite name=""power_4""> and +<sprite name=""health_4""> and ""At the end of each of your turns, deal 1 damage to all adjacent characters.""",Potion,4,,,,,Lucia,0.4.26,ARTIST_COMMISSIONED,Tomas Vinco,True,8,LoopingParticle;ParticleDisplayFXAnimation;RandomSoundFXAnimation;SingleSoundFXAnimation;SpriteProjectileFXAnimation,,
"Dyana, Prime Huntress",Minion,Legendary. You can't play Dyana unless you control 3 Beasts. [Range 5 Attack]: Deal 7 damage to target enemy.,Demigod,5,5,2,7,True,Grenalia,0.2.4,ARTIST_COMMISSIONED,Jack Nguyen,True,13,CompositeFXAnimation;ParticleDisplayFXAnimation;ParticleTwoPointMotionFXAnimation;RandomSoundFXAnimation;SingleSoundFXAnimation,,
Eagle King,Minion,"Flying. When your characters attack, your commander heals <sprite name=""health_1"">. [Arrival]: Summon a Giant Eagle.",Beast,6,3,4,4,,Neutral,0.2.5,ARTIST_COMMISSIONED,Marc Petrelis,True,10,CompositeFXAnimation;RandomSoundFXAnimation,Starter Beasts,Giant Eagle
Elf Ranger,Minion,[Range 2 Attack]: Deal 2 damage to target enemy.,Elf,2,1,2,3,,Neutral,0.1.1,PURCHASED_ASSET,Nightfall Interactive,True,10,CompositeFXAnimation;ParticleDisplayFXAnimation;ParticleTwoPointMotionFXAnimation;RandomSoundFXAnimation;SingleSoundFXAnimation,"Starter Beasts, Starter Military",
Elite Mercenary,Minion,"Commander-Deploy. Sentinel. Lifelink. Shield. Costs <sprite name=""mana_3""> less if the enemy controls 4 or more minions.",Human,7,4,3,5,,Neutral,0.4.42,COMMISSIONED_PLACEHOLDER,Indra Atmana,True,12,CompositeFXAnimation;RandomSoundFXAnimation,,
Elixirist,Minion,Arrival: Add a Growth Potion to your hand.,Elf,3,4,3,2,,Neutral,0.4.45,ARTIST_COMMISSIONED,Tomas Vinco,True,17,CompositeFXAnimation;LoopingParticle;ParticleDisplayFXAnimation;RandomSoundFXAnimation;SingleSoundFXAnimation;SpriteProjectileFXAnimation,"Starter Beasts, Starter Mage",Growth Potion
Elven Spellblade,Minion,Arrival: Deal 3 damage to enemy commanders.,Elf,5,5,4,5,,Neutral,0.5.2,COMMISSIONED_PLACEHOLDER,Indra Atmana,True,8,CompositeFXAnimation;RandomSoundFXAnimation,Starter Deploy,
Ember,Minion,"When you play a Fire card, gain <sprite name=""mana_2""> this turn, gain +<sprite name=""power_2"">, and deal 1 damage to Ember.",Fire,1,0,3,3,,Skaal,0.4.38,COMMISSIONED_PLACEHOLDER,Indra Atmana,True,10,CompositeFXAnimation;RandomSoundFXAnimation,,
Emerald Asp,Minion,"When Emerald Asp attacks, the enemy gains Poison equal to Emerald Asp's Power.",Beast,2,2,3,1,,Grenalia,0.4.23,COMMISSIONED_PLACEHOLDER,Ramon Gomez,True,12,BattleHit;BattleSound;LoopingParticle;ParticleDisplayFXAnimation;RandomSoundFXAnimation,,
Energy Potion,Spell,"[Range 2]: Target minion gains Haste, regains its Movement, and regains an Attack.",Potion,2,,,,,Neutral,0.1.4,ARTIST_COMMISSIONED,Tomas Vinco,True,11,CompositeFXAnimation;ParticleDisplayFXAnimation;RandomSoundFXAnimation;SingleSoundFXAnimation;SpriteProjectileFXAnimation,,
Enigmatic Golem,Minion,"Costs <sprite name=""mana_X""> less where X is your commander's missing Health.",Mech,20,9,3,9,,Neutral,0.4.24,COMMISSIONED_PLACEHOLDER,Devora Studios,True,9,BattleHit;BattleSound;CompositeFXAnimation;RandomSoundFXAnimation,,
Ereloth,Minion,"Lifelink. Arrival: All minion cards in the enemy's hand lose <sprite name=""power_1""> and <sprite name=""health_1"">.",Daemon,4,3,4,3,,Shadis,0.6.6,COMMISSIONED_PLACEHOLDER,Amna Zaki,True,10,CardAbilityOnAdd;CompositeFXAnimation;RandomSoundFXAnimation,,
Eternal Wall,Minion,Commander-Deploy. Sentinel. Arrival: Add a copy of this to your hand with Ethereal.,None,2,0,0,6,,Lucia,0.4.6,COMMISSIONED_PLACEHOLDER,Devora Studios,True,7,CardLoopingParticle;RandomSoundFXAnimation,,
Expand the Wilds,Spell,Claim target uncontested tile adjacent to your territory.,None,1,,,,,Grenalia,0.1.1,COMMISSIONED_PLACEHOLDER,Devora Studios,True,2,RandomSoundFXAnimation,,
Explosive Potion,Spell,[Range 2]: Deal 2 damage to ALL characters within 1 Radius.,Potion,4,,,,,Neutral,0.1.7,ARTIST_COMMISSIONED,Tomas Vinco,True,9,CompositeFXAnimation;ParticleDisplayFXAnimation;RandomSoundFXAnimation;SingleSoundFXAnimation;SpriteProjectileFXAnimation,Starter Deploy,
Expropriation,Spell,[Range 2]: Return ANY target minion to YOUR hand.,Psychic,7,,,,,Archaeon,0.4.38,COMMISSIONED_PLACEHOLDER,Indra Atmana,True,3,RandomSoundFXAnimation,,
Fade to Mists,Spell,"[Range 2]: Return target minion you control to your hand. It costs <sprite name=""mana_3""> less.",Psychic,1,,,,,Archaeon,0.5.5,COMMISSIONED_PLACEHOLDER,Indra Atmana,True,2,RandomSoundFXAnimation,,
Feeblemind,Spell,[Range 2]: Stun target enemy commander. Their Intellect becomes 1.,Psychic,9,,,,,Archaeon,0.4.31,COMMISSIONED_PLACEHOLDER,Indra Atmana,True,5,RandomSoundFXAnimation,,
Feral Vampire,Minion,"Lifelink.  (When battling, your commander heals equal to this character's Power.)",Vampire,3,4,3,3,,Neutral,0.4.20,COMMISSIONED_PLACEHOLDER,Devora Studios,True,7,CompositeFXAnimation;RandomSoundFXAnimation,Starter Death,
Finishing Strike,Spell,[Range 4]: Destroy target damaged minion.,None,1,,,,,Skaal,0.5.2,COMMISSIONED_PLACEHOLDER,Indra Atmana,True,1,RandomSoundFXAnimation,,
Fireball,Spell,[Range 4]: Deal 3 damage to ALL characters within 1 Radius.,Fire,5,,,,,Skaal,0.1.1,ARTIST_COMMISSIONED,Marc Petrelis,True,4,CameraShakeFXAnimation;ParticleDisplayFXAnimation;RandomSoundFXAnimation;SingleSoundFXAnimation,,
Firebolt,Spell,"[Range 4]: Deal 3 damage to target character. If this kills it, gain <sprite name=""dominion_1""> Dominion.",Fire,3,,,,,Skaal,0.1.7,ARTIST_COMMISSIONED,Marc Petrelis,True,6,ParticleDisplayFXAnimation;ParticleTwoPointMotionFXAnimation;RandomSoundFXAnimation;SingleSoundFXAnimation,,
First Experiment,Minion,"Spellcaster. When you play a Potion on an ally Experiment, gain +<sprite name=""power_2"">.",Experiment,1,1,3,3,,Neutral,0.1.7,COMMISSIONED_PLACEHOLDER,Devora Studios,True,8,CompositeFXAnimation;RandomSoundFXAnimation,,
Flame Acolyte,Minion,Spellcaster. Arrival: Add 2 copies of Flamelash to your hand.,Human,5,6,3,1,,Skaal,0.1.21,COMMISSIONED_PLACEHOLDER,Indra Atmana,True,17,BattleHit;BattleSound;CompositeFXAnimation;EntryEffect;ParticleDisplayFXAnimation;RandomSoundFXAnimation;SingleSoundFXAnimation,,Flamelash
Flamelash,Spell,[Range 2]: Deal 3 damage to target character.,Fire,1,,,,,Skaal,0.1.1,ARTIST_COMMISSIONED,Tomas Vinco,True,6,CompositeFXAnimation;EntryEffect;ParticleDisplayFXAnimation;RandomSoundFXAnimation;SingleSoundFXAnimation,,
Found City,Spell,Convert target tile you own to a Village. Add a copy of Settle Village to your hand.,Village,5,,,,,Neutral,0.6.9,COMMISSIONED_PLACEHOLDER,Devora Studios,True,4,RandomSoundFXAnimation;SingleSoundFXAnimation,,Settle Village
Fourth Experiment,Minion,"When you play a Potion on an ally Experiment, gain +<sprite name=""power_2""><sprite name=""speed_1""><sprite name=""health_2"">.",Experiment,4,3,3,3,,Neutral,0.1.12,COMMISSIONED_PLACEHOLDER,Devora Studios,True,8,CompositeFXAnimation;RandomSoundFXAnimation,,
Frostblade,Spell,"[Range 1]: Deal 2 damage to target character. If it's a minion, Stun it.",Frost,1,,,,,Archaeon,0.4.38,ARTIST_COMMISSIONED,Marc Petrelis,True,7,ParticleDisplayFXAnimation;RandomSoundFXAnimation;SingleSoundFXAnimation,Starter Mage,
Fungal Explosion,Spell,[Range 3]: ALL characters within 1 Radius gain 4 Poison.,None,7,,,,,Grenalia,0.1.14,COMMISSIONED_PLACEHOLDER,Devora Studios,True,6,LoopingParticle;ParticleDisplayFXAnimation;RandomSoundFXAnimation,,
Ghast,Minion,"[Range 2]: Target minion loses <sprite name=""power_1""> and <sprite name=""health_1"">. Ghast also loses <sprite name=""power_1""> and <sprite name=""health_1"">.",Undead,3,3,2,3,,Shadis,0.4.26,COMMISSIONED_PLACEHOLDER,Amna Zaki,True,10,BattleHit;BattleSound;CompositeFXAnimation;RandomSoundFXAnimation,,
Giant Eagle,Minion,Flying.  (Can occupy non-traversable tiles.),Beast,4,3,4,4,,Neutral,0.2.5,ARTIST_COMMISSIONED,Marc Petrelis,True,6,CompositeFXAnimation;RandomSoundFXAnimation,Starter Mage,
Giant River Snapper,Minion,"Sentinel. Arrival: Your commander heals <sprite name=""health_8"">.",Beast,8,8,2,10,,Grenalia,0.1.2,ARTIST_COMMISSIONED,Marc Petrelis,True,9,BattleHit;BattleSound;RandomSoundFXAnimation,,
Gilded Defender,Minion,Realmbound.  (May only occupy tiles you own.),Mech,2,5,3,5,,Neutral,0.4.42,COMMISSIONED_PLACEHOLDER,Devora Studios,True,9,BattleHit;BattleSound;CompositeFXAnimation;RandomSoundFXAnimation,,
Goblin Duo,Minion,Goblin-Deploy. Arrival: Add a Goblin Scamp to your hand.,Goblin,2,1,2,1,,Neutral,0.1.1,AI_GENERATED,Stable Diffusion,True,8,CompositeFXAnimation;RandomSoundFXAnimation,,Goblin Scamp
Goblin Firebow,Minion,Goblin-Deploy. [Range 2 Attack]: Deal 2 damage to target enemy. Deal 1 damage to Goblin Firebow.,Goblin,1,1,2,2,,Neutral,0.1.2,COMMISSIONED_PLACEHOLDER,Amna Zaki,True,13,CompositeFXAnimation;ParticleDisplayFXAnimation;ParticleTwoPointMotionFXAnimation;RandomSoundFXAnimation;SingleSoundFXAnimation,,
Goblin Infantry,Minion,"When you play a Goblin card, gain +<sprite name=""power_1"">.",Goblin,1,1,2,3,,Neutral,0.1.1,COMMISSIONED_PLACEHOLDER,Amna Zaki,True,8,CompositeFXAnimation;RandomSoundFXAnimation,,
Goblin Infiltrator,Minion,Deploy. Trample.,Goblin,5,5,2,5,,Neutral,0.1.1,COMMISSIONED_PLACEHOLDER,Amna Zaki,True,8,CompositeFXAnimation;RandomSoundFXAnimation,"Starter Death, Starter Deploy",
Goblin King,Minion,"Goblin minions you control within Range 3 have +<sprite name=""power_2"">.",Goblin,3,3,2,3,,Neutral,0.1.1,COMMISSIONED_PLACEHOLDER,Sam Reissing,True,7,AuraSigil;CompositeFXAnimation;RandomSoundFXAnimation,,
Goblin Lorespeaker,Minion,"Spellcaster. Spell-Damage +1. When a Goblin you control within Range 3 dies, add a Thunder Jolt to your hand.",Goblin,4,3,2,4,,Skaal,0.1.2,COMMISSIONED_PLACEHOLDER,Amna Zaki,True,13,CompositeFXAnimation;EntryEffect;ParticleDisplayFXAnimation;RandomSoundFXAnimation;SingleSoundFXAnimation,,Thunder Jolt
Goblin Musclejuice,Spell,"[Range 2]: Target Goblin minion gains +<sprite name=""power_3""><sprite name=""speed_2""><sprite name=""health_3"">.",Potion,3,,,,,Skaal,0.1.1,ARTIST_COMMISSIONED,Tomas Vinco,True,6,LoopingParticle;ParticleDisplayFXAnimation;RandomSoundFXAnimation;SingleSoundFXAnimation;SpriteProjectileFXAnimation,,
Goblin Paratrooper,Minion,Deploy.  (Can be played outside of your territory.),Goblin,2,2,2,3,,Neutral,0.1.1,COMMISSIONED_PLACEHOLDER,Amna Zaki,True,9,CompositeFXAnimation;RandomSoundFXAnimation,Starter Deploy,
Goblin Recruitment,Spell,Add 3 Goblin Scamps to your hand.,None,3,,,,,Skaal,0.1.1,COMMISSIONED_PLACEHOLDER,Amna Zaki,True,9,CompositeFXAnimation;RandomSoundFXAnimation,,Goblin Scamp
Goblin Scamp,Minion,"Goblin-Deploy.  (Can be played outside of your territory, if next to an ally Goblin.)",Goblin,0,1,2,1,,Neutral,0.1.1,AI_GENERATED,Stable Diffusion,True,7,CompositeFXAnimation;RandomSoundFXAnimation,,
Goblin Scout,Minion,"Goblin-Deploy. Arrival: If you control 2 other Goblins, draw a Goblin from your deck.",Goblin,2,2,2,2,,Neutral,0.1.2,COMMISSIONED_PLACEHOLDER,Amna Zaki,True,8,CompositeFXAnimation;RandomSoundFXAnimation,,
Goblin Shaman,Minion,"Spellcaster. [Arrival, Range 4]: Deal 1 damage to target character.",Goblin,1,2,2,1,,Neutral,0.2.1,COMMISSIONED_PLACEHOLDER,Amna Zaki,True,10,CompositeFXAnimation;ParticleDisplayFXAnimation;RandomSoundFXAnimation;SingleSoundFXAnimation,Starter Deploy,
Goblin Skirmisher,Minion,"Haste.  (When played, can move and Attack immediately.)",Goblin,3,3,2,3,,Neutral,0.1.1,COMMISSIONED_PLACEHOLDER,Sam Reissing,True,9,CompositeFXAnimation;RandomSoundFXAnimation;SingleSoundFXAnimation,,
Gold Dragon,Minion,Flying. Lifelink. [Warmup 3]: All allies fully heal.,Dragon,8,7,4,10,,Lucia,0.4.7,ARTIST_COMMISSIONED,Marc Petrelis,True,19,BoardTintFXAnimation;CameraShakeFXAnimation;CharacterSqueezeFXAnimation;CompositeFXAnimation;ParticleTwoPointMotionFXAnimation;RandomSoundFXAnimation;TimedParticleFXAnimation,,
Grand Illusion,Spell,[Range 2]: Swap target ally minion with a non-Titan minion from your deck.,Psychic,6,,,,,Archaeon,0.4.19,COMMISSIONED_PLACEHOLDER,Indra Atmana,True,4,RandomSoundFXAnimation,,
Grand Swordsmith,Minion,"Arrival: Give your Weapon +<sprite name=""power_1""> and +<sprite name=""durability_1"">.",Dwarf,4,4,2,5,,Neutral,1.2.1,COMMISSIONED_PLACEHOLDER,Amna Zaki,True,8,CompositeFXAnimation;RandomSoundFXAnimation,,
Granite Guard,Minion,Sentinel.  (An enemy that could battle this minion may only battle Sentinels.),Dwarf,4,3,2,6,,Neutral,1.2.0,COMMISSIONED_PLACEHOLDER,Amna Zaki,True,8,CompositeFXAnimation;RandomSoundFXAnimation,,
Gravehand,Minion,"When another minion you control within Range 2 dies, draw a card.",Human,4,1,3,3,,Neutral,0.1.2,ARTIST_COMMISSIONED,Marc Petrelis,True,8,CompositeFXAnimation;RandomSoundFXAnimation,,
Great Weapon Conjuring,Spell,"Draw a Weapon from your deck. If you control a Dwarf, give it +<sprite name=""power_1""><sprite name=""speed_1""><sprite name=""durability_1"">.",None,2,,,,,Lucia,1.2.1,COMMISSIONED_PLACEHOLDER,Amna Zaki,True,2,RandomSoundFXAnimation,,
Greater Healing Potion,Spell,"[Range 2]: Target character heals <sprite name=""health_8"">.",Potion,3,,,,,Neutral,0.2.5,ARTIST_COMMISSIONED,Tomas Vinco,True,8,CompositeFXAnimation;ParticleDisplayFXAnimation;RandomSoundFXAnimation;SingleSoundFXAnimation;SpriteProjectileFXAnimation,,
Green Dragon,Minion,"Flying. Trample. [Warmup 3, Range 2]: ALL characters within 1 Radius gain 3 Poison.",Dragon,7,6,4,8,,Grenalia,0.1.25,ARTIST_COMMISSIONED,Marc Petrelis,True,24,AimedParticleFXAnimation;BoardTintFXAnimation;CameraShakeFXAnimation;CharacterSqueezeFXAnimation;CompositeFXAnimation;LoopingParticle;ParticleDisplayFXAnimation;RandomSoundFXAnimation;TimedParticleFXAnimation,,
Grey Wastes Shade,Minion,"Lifelink. Postmortem: Enemy commanders heal <sprite name=""health_6"">.",Undead,1,2,2,3,,Neutral,0.4.42,COMMISSIONED_PLACEHOLDER,Amna Zaki,True,11,BattleHit;BattleSound;CompositeFXAnimation;RandomSoundFXAnimation,,
Growth,Spell,"Gain <sprite name=""mana_1""> this turn.",None,0,,,,,Grenalia,0.1.14,COMMISSIONED_PLACEHOLDER,Devora Studios,True,1,RandomSoundFXAnimation,,
Growth Potion,Spell,"[Range 2]: Target minion gains +<sprite name=""power_1""><sprite name=""speed_1""><sprite name=""health_1"">.",Potion,1,,,,,Neutral,0.2.5,ARTIST_COMMISSIONED,Tomas Vinco,True,9,CompositeFXAnimation;LoopingParticle;ParticleDisplayFXAnimation;RandomSoundFXAnimation;SingleSoundFXAnimation;SpriteProjectileFXAnimation,,
Grutali,Minion,"Legendary. Trample. Arrival: Gain <sprite name=""dominion_5""> Dominion.",Dragon,9,4,3,13,True,Neutral,0.1.21,ARTIST_COMMISSIONED,Marc Petrelis,True,15,BattleHit;BattleSound;CompositeFXAnimation;RandomSoundFXAnimation,,
"Gruth, Ogre Champion",Minion,Legendary. Deploy. Haste.,Ogre,7,6,4,7,True,Skaal,0.1.1,COMMISSIONED_PLACEHOLDER,Devora Studios,True,11,BattleHit;BattleSound;CompositeFXAnimation;RandomSoundFXAnimation;SingleSoundFXAnimation,,
Guardian Ent,Minion,"Regenerate 3. Trample. Costs <sprite name=""mana_3""> less per Plant you control.",Plant,11,7,2,8,,Grenalia,0.6.2,COMMISSIONED_PLACEHOLDER,Devora Studios,True,12,BattleHit;BattleSound;CompositeFXAnimation;RandomSoundFXAnimation,,
Guerilla Gorilla,Minion,"Regenerate 3.  (Heals <sprite name=""health_3""> at the end of your turn.)",Beast,3,3,3,4,,Neutral,0.1.7,COMMISSIONED_PLACEHOLDER,Ramon Gomez,True,9,CompositeFXAnimation;RandomSoundFXAnimation,,
Guide to Heavens,Spell,[Range 4]: Destroy target minion. Its commander heals equal to its Health.,None,4,,,,,Lucia,0.1.4,COMMISSIONED_PLACEHOLDER,Devora Studios,True,3,RandomSoundFXAnimation,,
Heaven's Legion,Spell,Summon a Lucian Soldier on each tile you own.,None,7,,,,,Lucia,0.1.21,COMMISSIONED_PLACEHOLDER,Devora Studios,True,8,CompositeFXAnimation;RandomSoundFXAnimation,,Lucian Soldier
Heavy Cavalry,Minion,"Commander-Deploy.  (Can be played outside of your territory, if next to your commander.)",Human,6,5,4,8,,Neutral,0.4.42,COMMISSIONED_PLACEHOLDER,Devora Studios,True,8,BattleSound;CompositeFXAnimation;RandomSoundFXAnimation,"Starter Deploy, Starter Military",
High Elf Mage,Minion,Spellcaster.  (Spells with Range can be played within Range of High Elf Mage instead of your commander.),Elf,1,2,3,1,,Neutral,0.4.42,COMMISSIONED_PLACEHOLDER,Indra Atmana,True,6,CompositeFXAnimation;RandomSoundFXAnimation,,
Holy Fervor,Spell,"Ally Human minions within Range 3 gain +<sprite name=""power_1""><sprite name=""speed_1""><sprite name=""health_1"">.",None,2,,,,,Lucia,0.2.1,COMMISSIONED_PLACEHOLDER,Devora Studios,True,2,RandomSoundFXAnimation,,
Homesong Minstrel,Minion,[Arrival]: Return target ally minion to your hand.,Elf,2,3,2,2,,Neutral,0.4.6,COMMISSIONED_PLACEHOLDER,Indra Atmana,True,7,CompositeFXAnimation;RandomSoundFXAnimation,,
Hoplite Vanguard,Minion,Shield.  (Prevent the first time this would be damaged from another source.),Human,4,6,3,1,,Neutral,0.4.42,COMMISSIONED_PLACEHOLDER,Elvis Esparago,True,10,CompositeFXAnimation;RandomSoundFXAnimation,"Starter Beasts, Starter Deploy",
Horde Leader,Minion,"Ally Undead within Range 3 have +<sprite name=""power_1""> and Postmortem: Enemy commanders gain 2 Poison.",Undead,3,4,2,2,,Shadis,0.4.21,COMMISSIONED_PLACEHOLDER,Amna Zaki,True,13,AuraSigil;CompositeFXAnimation;LoopingParticle;ParticleDisplayFXAnimation;RandomSoundFXAnimation,,
Hover Tank,Minion,"Flying. Shield. [Warmup 2, Range 4]: Deal 6 damage to target enemy.",Mech,5,4,2,5,,Mechanus,0.4.44,COMMISSIONED_PLACEHOLDER,Devora Studios,True,14,BattleHit;BattleSound;CompositeFXAnimation;RandomSoundFXAnimation,,
Illusory Legion,Spell,"[Range 2]: Summon a <sprite name=""power_3""><sprite name=""speed_2""><sprite name=""health_3""> Illusion with Frail. Add a copy of this to your hand with Ethereal.",Psychic,2,,,,,Archaeon,0.4.25,COMMISSIONED_PLACEHOLDER,Indra Atmana,True,8,CardLoopingParticle;RandomSoundFXAnimation,,Illusion
Imp,Minion,Commander-Deploy. Flying. Arrival: Your commander takes 3 damage.,Daemon,1,3,2,2,,Shadis,0.4.20,ARTIST_COMMISSIONED,Marc Petrelis,True,7,CompositeFXAnimation;RandomSoundFXAnimation,,
Infected Dreg,Minion,Postmortem: Enemy commanders gain 2 Poison.,Undead,1,2,2,1,,Neutral,0.2.10,COMMISSIONED_PLACEHOLDER,Amna Zaki,True,11,CompositeFXAnimation;LoopingParticle;ParticleDisplayFXAnimation;RandomSoundFXAnimation,Starter Beasts,
Iron Dagger,Spell,Weapon Offensive.  (Only grants its bonuses during your own turn.),None,2,,,,,Neutral,1.2.0,COMMISSIONED_PLACEHOLDER,Amna Zaki,True,3,WeaponBattleSound;WeaponDestroySound;WeaponEquipSound,,
"Khazgar, Flame Emperor",Minion,"Legendary. Tiles within Range 1 become Lava. Heals from Fire damage. Costs <sprite name=""mana_1""> less per Fire card you play.",Titan,13,12,3,12,True,Neutral,0.4.8,ARTIST_COMMISSIONED,Marc Petrelis,True,12,BattleHit;BattleSound;CompositeFXAnimation;LoopingParticle;RandomSoundFXAnimation,,
Killing Hex,Spell,Destroy target minion.,None,5,,,,,Shadis,0.1.1,ARTIST_COMMISSIONED,Marc Petrelis,True,2,ParticleDisplayFXAnimation;RandomSoundFXAnimation,Starter Death,
Kindle,Spell,"Gain <sprite name=""mana_2""> at the start of your next turn.",Fire,1,,,,,Skaal,0.5.5,COMMISSIONED_PLACEHOLDER,Indra Atmana,True,2,RandomSoundFXAnimation,,
King Darian,Minion,Legendary. Arrival: Activate the Arrival abilities of all ally minions.,Human,9,7,3,6,True,Neutral,0.4.19,ARTIST_COMMISSIONED,Tomas Vinco,True,8,CompositeFXAnimation;RandomSoundFXAnimation,,
Knife Sharpener,Minion,"When you play a minion or Weapon within Range 2, give it +<sprite name=""power_1"">.",Dwarf,1,2,2,1,,Neutral,0.1.27,ARTIST_COMMISSIONED,Tomas Vinco,True,8,CompositeFXAnimation;RandomSoundFXAnimation,,
Lay Claim,Spell,"[Range 0]: Claim target tile an enemy owns. Gain <sprite name=""dominion_1""> Dominion.",None,4,,,,,Skaal,0.3.2,COMMISSIONED_PLACEHOLDER,Indra Atmana,True,2,RandomSoundFXAnimation,,
Lifeweaver,Minion,"Spellcaster. When ANY spell is played, your commander heals <sprite name=""health_2"">.",Elf,1,1,3,3,,Neutral,0.2.5,COMMISSIONED_PLACEHOLDER,Indra Atmana,True,8,CompositeFXAnimation;RandomSoundFXAnimation,,
Light Elemental,Minion,Has additional Power equal to Light Elemental's Health.,None,2,0,3,3,,Lucia,0.6.5,COMMISSIONED_PLACEHOLDER,Devora Studios,True,4,RandomSoundFXAnimation,,
Lightbound Martyr,Minion,"Postmortem: Give the leftmost minion card in your hand +<sprite name=""power_2""><sprite name=""speed_1""><sprite name=""health_2"">.",Human,3,3,3,2,,Lucia,0.6.15,COMMISSIONED_PLACEHOLDER,Elvis Esparago,True,7,CompositeFXAnimation;RandomSoundFXAnimation,,
Lightning Bolt,Spell,[Range 4]: Deal 6 damage to target character.,Lightning,4,,,,,Skaal,0.1.1,ARTIST_COMMISSIONED,Marc Petrelis,True,4,ParticleDisplayFXAnimation;RandomSoundFXAnimation;SingleSoundFXAnimation,Starter Deploy,
"Limmick, Goblin Hedonist",Minion,Legendary. Deploy. Flying. Arrival: Draw a Potion from your deck.,Goblin,3,3,2,2,True,Skaal,0.1.2,COMMISSIONED_PLACEHOLDER,Amna Zaki,True,10,CompositeFXAnimation;RandomSoundFXAnimation,Starter Deploy,
Live off the Land,Spell,"Gain <sprite name=""dominion_1""> Dominion. Your commander heals <sprite name=""health_4"">.",None,1,,,,,Grenalia,0.1.4,COMMISSIONED_PLACEHOLDER,Devora Studios,True,2,RandomSoundFXAnimation,,
Local Trader,Minion,Arrival: Draw a card.,Human,2,1,3,1,,Neutral,0.1.21,ARTIST_COMMISSIONED,Tomas Vinco,True,8,CompositeFXAnimation;RandomSoundFXAnimation,,
Longleg Dorathru,Minion,"Legendary. Commander-Deploy. Arrival: Gain +<sprite name=""power_2""> and +<sprite name=""health_2""> per card you've played this turn.",Arachnid,4,3,3,3,True,Archaeon,0.5.5,COMMISSIONED_PLACEHOLDER,Devora Studios,True,9,CompositeFXAnimation;RandomSoundFXAnimation,,
Lord of Casterhorn,Minion,"Commander-Deploy. Ally minions within Range 3 have +<sprite name=""power_1""> and +<sprite name=""health_1"">.",Human,3,2,3,3,,Neutral,0.1.1,COMMISSIONED_PLACEHOLDER,Devora Studios,True,8,AuraSigil;CompositeFXAnimation;RandomSoundFXAnimation,Starter Deploy,
Lord of Heavenspire,Minion,Arrival: Ally minions within Range 2 gain Shield.,Dwarf,3,2,2,3,,Lucia,0.4.8,COMMISSIONED_PLACEHOLDER,Devora Studios,True,11,CompositeFXAnimation;RandomSoundFXAnimation,,
Lorecaller Gazan,Minion,"Legendary. Spellcaster. If you would draw a card, draw twice as many.",Elf,7,7,3,7,True,Archaeon,0.4.17,ARTIST_COMMISSIONED,Indra Atmana,True,6,CompositeFXAnimation;RandomSoundFXAnimation,,
Lucian Battalion,Minion,Arrival: Add a Lucian Soldier to your hand.,Human,2,2,3,1,,Lucia,0.1.16,COMMISSIONED_PLACEHOLDER,Elvis Esparago,True,8,CompositeFXAnimation;RandomSoundFXAnimation,,Lucian Soldier
Lucian Squire,Minion,"Arrival: Give the leftmost minion card in your hand +<sprite name=""power_1""> and +<sprite name=""health_1"">.",Human,1,1,3,1,,Lucia,0.6.6,COMMISSIONED_PLACEHOLDER,Elvis Esparago,True,10,CardAbilityOnAdd;CardLoopingParticle;CompositeFXAnimation;RandomSoundFXAnimation,,
Lucian Zealot,Minion,[Warmup 1]: Summon a Lucian Soldier.,Human,4,3,3,5,,Lucia,0.1.16,COMMISSIONED_PLACEHOLDER,Elvis Esparago,True,7,CompositeFXAnimation;RandomSoundFXAnimation,,Lucian Soldier
Lumbering Ogre,Minion,"Trample.  (When attacking and killing an enemy, regain an Attack.)",Ogre,4,6,1,7,,Neutral,0.1.1,ARTIST_COMMISSIONED,Tomas Vinco,True,9,BattleHit;BattleSound;CompositeFXAnimation;RandomSoundFXAnimation,,
Mad Warlock,Minion,Spellcaster. Postmortem: Draw a spell from your deck.,Human,4,4,3,3,,Neutral,0.4.42,ARTIST_COMMISSIONED,Tomas Vinco,True,8,CompositeFXAnimation;RandomSoundFXAnimation,"Starter Death, Starter Mage",
Mage Slayer,Minion,Veiled.  (Cannot be the direct target of enemy spells or abilities.),Dwarf,3,3,2,3,,Neutral,0.6.4,COMMISSIONED_PLACEHOLDER,Amna Zaki,True,8,CompositeFXAnimation;RandomSoundFXAnimation,,
Mana Bloom,Minion,"[Warmup 1]: Gain <sprite name=""mana_1""> this turn.",Plant,1,0,0,3,,Grenalia,0.1.21,COMMISSIONED_PLACEHOLDER,Devora Studios,True,5,RandomSoundFXAnimation,,
Manaphant,Minion,"[Warmup 2]: Gain <sprite name=""mana_1""> this turn.",Beast,1,1,3,3,,Grenalia,0.1.1,COMMISSIONED_PLACEHOLDER,Ramon Gomez,True,8,CompositeFXAnimation;RandomSoundFXAnimation,,
Master Craftsman,Minion,"[Pay <sprite name=""mana_1"">, Warmup 2]: Convert the current tile to a Village.",Dwarf,1,0,2,1,,Neutral,0.4.42,COMMISSIONED_PLACEHOLDER,Amna Zaki,True,9,CompositeFXAnimation;RandomSoundFXAnimation;SingleSoundFXAnimation,,
"Matrix, Mad Weaver",Minion,"Legendary. Commander-Deploy. Arrival: Unclaim the current tile. If it's a Village, destroy it and gain a War Chest.",Arachnid,5,4,3,4,True,Archaeon,1.2.3,COMMISSIONED_PLACEHOLDER,Devora Studios,True,16,CompositeFXAnimation;ParticleDisplayFXAnimation;RandomSoundFXAnimation;SingleSoundFXAnimation,,War Chest
Memory Theft,Spell,"[Range 2]: Deal 1 damage to target character. If it dies, draw a card from its controller's deck.",Psychic,1,,,,,Archaeon,0.5.3,COMMISSIONED_PLACEHOLDER,Amna Zaki,True,3,RandomSoundFXAnimation,,
Mind Blast,Spell,[Range 2]: Deal damage to target minion equal to your Intellect.,Psychic,3,,,,,Archaeon,0.6.11,COMMISSIONED_PLACEHOLDER,Indra Atmana,True,1,RandomSoundFXAnimation,,
Mindstone Servant,Minion,"Spellcaster. When Mindstone Servant takes damage, draw a card and gain <sprite name=""intellect_1""> Intellect.",Mech,5,3,3,6,,Neutral,0.6.11,COMMISSIONED_PLACEHOLDER,Devora Studios,True,8,CompositeFXAnimation;RandomSoundFXAnimation,,
Minor Priest,Minion,"Spellcaster. [Cooldown 1, Range 2]: Target character you control heals <sprite name=""health_1"">.",Human,1,1,3,2,,Neutral,0.1.2,COMMISSIONED_PLACEHOLDER,Elvis Esparago,True,8,CompositeFXAnimation;RandomSoundFXAnimation,,
Moonlight Seraph,Minion,"Flying. Lifelink. When Moonlight Seraph attacks and kills a minion, draw a card.",Angel,6,6,4,6,,Lucia,0.4.7,COMMISSIONED_PLACEHOLDER,Devora Studios,True,11,BattleHit;BattleSound;CompositeFXAnimation;RandomSoundFXAnimation,,
Mother of Beasts,Minion,Legendary. Ally Beasts within Range 3 have Regenerate 3.,Beast,3,2,3,4,True,Grenalia,0.1.21,COMMISSIONED_PLACEHOLDER,Ramon Gomez,True,10,AuraSigil;CompositeFXAnimation;RandomSoundFXAnimation,,
Mummified Warrior,Minion,Postmortem: Draw a card.,Undead,2,2,2,2,,Neutral,0.4.38,COMMISSIONED_PLACEHOLDER,Amna Zaki,True,8,CompositeFXAnimation;RandomSoundFXAnimation,Starter Death,
Nevisha Ascendant,Minion,"Legendary. Flying. Arrival AND at the start of your turn: Add a Lucian Soldier to your hand and ally minions within Range 3 gain +<sprite name=""power_1""><sprite name=""speed_1""><sprite name=""health_1"">.",Angel,7,6,5,6,True,Lucia,0.1.23,COMMISSIONED_PLACEHOLDER,Devora Studios,True,18,BattleHit;BattleSound;CompositeFXAnimation;RandomSoundFXAnimation,,Lucian Soldier
Nexus Operative,Minion,"Spellcaster. When you play a spell, your other Spellcasters gain +<sprite name=""power_1""><sprite name=""speed_1""><sprite name=""health_1""> until end of the turn.",Elf,3,3,3,3,,Archaeon,0.4.26,ARTIST_COMMISSIONED,Indra Atmana,True,8,CompositeFXAnimation;RandomSoundFXAnimation,,
Nexus Recruit,Minion,"Spellcaster. When you draw a card, gain +<sprite name=""power_1""> and +<sprite name=""health_1""> until end of the turn.",Elf,1,1,3,2,,Archaeon,0.4.26,ARTIST_COMMISSIONED,Indra Atmana,True,7,CompositeFXAnimation;RandomSoundFXAnimation,,
Nilo of One Thousand Cuts,Minion,"Legendary. Postmortem: Deal 2 damage to each commander, then add a copy of Nilo to your hand.",Demigod,2,2,2,2,True,Shadis,0.1.1,ARTIST_COMMISSIONED,Marc Petrelis,True,11,CompositeFXAnimation;EntryEffect;ParticleDisplayFXAnimation;ParticleTwoPointMotionFXAnimation;RandomSoundFXAnimation;SingleSoundFXAnimation,,
Nobleman of the Order,Minion,"When a minion within Range 3 is healed, draw a card.",Human,4,3,3,4,,Lucia,0.1.7,COMMISSIONED_PLACEHOLDER,Elvis Esparago,True,8,CompositeFXAnimation;RandomSoundFXAnimation,Starter Military,
Oathbroken Apprentice,Minion,"Commander-Deploy. When your commander takes damage on your turn, gain +<sprite name=""power_1"">.",Human,1,1,3,2,,Neutral,0.6.11,ARTIST_COMMISSIONED,Indra Atmana,True,8,CompositeFXAnimation;RandomSoundFXAnimation,,
Oathsworn Champion,Minion,"Arrival: All allies heal <sprite name=""health_2"">.",Human,5,5,3,5,,Neutral,0.1.4,COMMISSIONED_PLACEHOLDER,Elvis Esparago,True,8,CompositeFXAnimation;RandomSoundFXAnimation,Starter Military,
Oldsteel Guard,Minion,"Has +<sprite name=""power_1""> per tile you own.",Dwarf,2,0,2,2,,Neutral,0.6.4,COMMISSIONED_PLACEHOLDER,Amna Zaki,True,7,CompositeFXAnimation;RandomSoundFXAnimation,,
Outflank,Spell,[Range 3]: Target enemy minion takes damage equal to the number of Humans you control.,None,1,,,,,Lucia,0.4.38,COMMISSIONED_PLACEHOLDER,Devora Studios,True,1,RandomSoundFXAnimation,,
Outland Berserker,Minion,"Commander-Deploy. When Outland Berserker takes damage, Outland Berserker gains +<sprite name=""power_2"">.",Human,5,3,3,7,,Neutral,0.3.2,COMMISSIONED_PLACEHOLDER,Devora Studios,True,8,CompositeFXAnimation;RandomSoundFXAnimation,Starter Military,
Outland Village,Spell,"[Range 3]: Claim target unclaimed, uncontested tile. Convert it to a Village.",Village,4,,,,,Neutral,0.1.4,COMMISSIONED_PLACEHOLDER,Devora Studios,True,3,RandomSoundFXAnimation;SingleSoundFXAnimation,,
Owl Familiar,Minion,Flying. Spellcaster.,Beast,2,2,4,2,,Neutral,0.4.42,COMMISSIONED_PLACEHOLDER,Ramon Gomez,True,7,CompositeFXAnimation;RandomSoundFXAnimation,Starter Mage,
Pack Wolf,Minion,"Has +<sprite name=""power_2""> per adjacent ally Beast.",Beast,2,2,3,2,,Neutral,0.2.5,COMMISSIONED_PLACEHOLDER,Ramon Gomez,True,8,CompositeFXAnimation;RandomSoundFXAnimation,,
Paladin Initiate,Minion,"Commander-Deploy. Sentinel. When a character you control is healed, gain +<sprite name=""power_1"">.",Human,1,1,3,3,,Neutral,0.1.2,COMMISSIONED_PLACEHOLDER,Elvis Esparago,True,10,CompositeFXAnimation;RandomSoundFXAnimation,Starter Military,
Paladin of Eos,Minion,"[Cooldown 1, Range 2]: Target character heals <sprite name=""health_2"">.",Human,3,2,3,4,,Neutral,0.1.1,COMMISSIONED_PLACEHOLDER,Elvis Esparago,True,10,CompositeFXAnimation;RandomSoundFXAnimation,,
Paladin Proselyte,Minion,"Commander-Deploy. Sentinel. When a character you control is healed, gain +<sprite name=""power_1""> and +<sprite name=""health_1"">.",Human,3,3,3,3,,Neutral,0.1.2,PURCHASED_ASSET,Nightfall Interactive,True,9,CompositeFXAnimation;RandomSoundFXAnimation,Starter Military,
Parrying Buckler,Spell,Weapon Defensive.  (Only grants its bonuses during other players' turns.),None,4,,,,,Neutral,1.2.0,COMMISSIONED_PLACEHOLDER,Amna Zaki,True,4,WeaponBattleSound;WeaponDestroySound;WeaponEquipSound;WeaponParry,,
Peer,Spell,"[Range 2]: Draw a card, then Reveal the leftmost card in target commander's hand.",Psychic,0,,,,,Archaeon,0.4.28,COMMISSIONED_PLACEHOLDER,Indra Atmana,True,1,RandomSoundFXAnimation,,
Pit Lord,Minion,Commander-Deploy. Flying. Trample. At the start of your turn: Your commander takes 4 damage.,Daemon,5,6,4,7,,Shadis,0.4.20,COMMISSIONED_PLACEHOLDER,Amna Zaki,True,10,CompositeFXAnimation;RandomSoundFXAnimation,,
Pixie Pikeman,Minion,"Flying. Arrival: Discard the leftmost card in your hand, then draw a card.",Fae,2,3,4,1,,Adora,0.4.44,COMMISSIONED_PLACEHOLDER,Devora Studios,True,8,CompositeFXAnimation;RandomSoundFXAnimation,,
Poison Spray,Spell,[Range 3]: Target character gains 4 Poison.,None,3,,,,,Grenalia,0.1.14,COMMISSIONED_PLACEHOLDER,Devora Studios,True,5,LoopingParticle;ParticleDisplayFXAnimation;RandomSoundFXAnimation,Starter Beasts,
Poison Sting,Spell,[Range 3]: Target character gains 2 Poison.,None,1,,,,,Grenalia,0.1.14,ARTIST_COMMISSIONED,Marc Petrelis,True,5,LoopingParticle;ParticleDisplayFXAnimation;RandomSoundFXAnimation,Starter Beasts,
Pond Hopper,Minion,"[Cooldown 1, Range 4]: Pull target minion in a straight line to Pond Hopper.",Beast,2,2,3,3,,Neutral,0.3.3,ARTIST_COMMISSIONED,Tomas Vinco,True,8,CompositeFXAnimation;RandomSoundFXAnimation,,
Ponder,Spell,Draw 2 cards.,None,3,,,,,Archaeon,0.1.1,ARTIST_COMMISSIONED,Tomas Vinco,False,0,,Starter Mage,
Potion of Healing,Spell,"[Range 2]: Target character heals <sprite name=""health_4"">.",Potion,1,,,,,Neutral,0.1.1,ARTIST_COMMISSIONED,Tomas Vinco,True,8,CompositeFXAnimation;ParticleDisplayFXAnimation;RandomSoundFXAnimation;SingleSoundFXAnimation;SpriteProjectileFXAnimation,,
Power Potion,Spell,"[Range 2]: Target minion gains +<sprite name=""power_3""> and +<sprite name=""health_3"">.",Potion,3,,,,,Neutral,0.1.2,ARTIST_COMMISSIONED,Tomas Vinco,True,9,CompositeFXAnimation;LoopingParticle;ParticleDisplayFXAnimation;RandomSoundFXAnimation;SingleSoundFXAnimation;SpriteProjectileFXAnimation,"Starter Death, Starter Deploy, Starter Military",
Prideplain Enforcer,Minion,"Arrival: Gain <sprite name=""dominion_1""> Dominion.",Beast,2,3,2,2,,Neutral,0.1.27,ARTIST_COMMISSIONED,Marc Petrelis,True,7,CompositeFXAnimation;RandomSoundFXAnimation,Starter Beasts,
Prideplain Queen,Minion,Your Beasts have Haste.,Beast,6,5,3,6,,Grenalia,0.1.21,COMMISSIONED_PLACEHOLDER,Ramon Gomez,True,9,CompositeFXAnimation;RandomSoundFXAnimation;SingleSoundFXAnimation,Starter Beasts,
Primordial Storm,Spell,Deal 3 damage to all enemy minions twice.,Lightning,8,,,,,Skaal,0.6.13,COMMISSIONED_PLACEHOLDER,Indra Atmana,True,3,RandomSoundFXAnimation,,
Prince Xerxes,Minion,Legendary. Realmbound. Your Arrival abilities trigger an additional time.,Human,4,3,3,3,True,Neutral,0.2.5,ARTIST_COMMISSIONED,Tomas Vinco,True,8,CompositeFXAnimation;RandomSoundFXAnimation,,
Purifier Euron,Minion,Legendary. [Once Per Game]: Destroy the current tile if it's a Village to destroy ALL other minions.,Demigod,9,8,3,6,True,Lucia,0.2.10,ARTIST_COMMISSIONED,Marc Petrelis,True,16,BattleHit;BattleSound;CompositeFXAnimation;ParticleDisplayFXAnimation;RandomSoundFXAnimation;SingleSoundFXAnimation,,
"Pyr, Mortal Shepherd",Minion,"Legendary. Flying. Sentinel. Arrival: Draw an Elf, a Dwarf, and a Human from your deck.",Angel,8,5,4,6,True,Neutral,1.2.3,COMMISSIONED_PLACEHOLDER,Devora Studios,True,9,CompositeFXAnimation;RandomSoundFXAnimation,,
Pyromancer Apprentice,Minion,"Realmbound. Spellcaster. When you play a spell with cost 3 or greater, add a Flamelash to your hand.",Human,2,2,3,2,,Skaal,0.1.29,COMMISSIONED_PLACEHOLDER,Indra Atmana,True,15,CompositeFXAnimation;EntryEffect;ParticleDisplayFXAnimation;RandomSoundFXAnimation;SingleSoundFXAnimation,,Flamelash
Pyromaniac,Minion,Spellcaster. Arrival: Draw a Fire card from your deck.,Human,3,3,3,1,,Skaal,0.2.1,COMMISSIONED_PLACEHOLDER,Indra Atmana,True,9,CompositeFXAnimation;RandomSoundFXAnimation,,
Quell the Weak,Spell,"[Range 4]: Destroy target minion with Power <sprite name=""power_3""> or less.",None,2,,,,,Lucia,0.1.7,ARTIST_COMMISSIONED,Tomas Vinco,True,3,ParticleDisplayFXAnimation;RandomSoundFXAnimation;SingleSoundFXAnimation,Starter Military,
Quickling,Minion,(Quicklings move faster than mortal eyes can follow.),Beast,5,4,9,6,,Neutral,0.1.1,ARTIST_COMMISSIONED,Marc Petrelis,True,7,CompositeFXAnimation;RandomSoundFXAnimation,Starter Beasts,
Ravenous Wolf,Minion,(Fear the wolf with the strongest appetite.),Beast,2,3,4,2,,Neutral,0.1.1,COMMISSIONED_PLACEHOLDER,Ramon Gomez,True,7,CompositeFXAnimation;RandomSoundFXAnimation,Starter Beasts,
Red Dragon,Minion,"Flying. Haste. [Warmup 3, Range 2]: Deal 3 damage to ALL characters within 1 Radius.",Dragon,6,5,4,5,,Skaal,0.1.1,ARTIST_COMMISSIONED,Marc Petrelis,True,27,AimedParticleFXAnimation;BattleHit;BattleSound;BoardTintFXAnimation;CameraShakeFXAnimation;CharacterSqueezeFXAnimation;CompositeFXAnimation;ParticleDisplayFXAnimation;RandomSoundFXAnimation;SingleSoundFXAnimation,,
Regeneration Potion,Spell,[Range 2]: Target minion gains Regenerate 3.,Potion,1,,,,,Grenalia,0.2.5,ARTIST_COMMISSIONED,Tomas Vinco,True,10,CompositeFXAnimation;ParticleDisplayFXAnimation;RandomSoundFXAnimation;SingleSoundFXAnimation;SpriteProjectileFXAnimation,,
"Reileigh, Brewpatron",Minion,"Legendary. Potions in your hand cost <sprite name=""mana_0"">.",Human,6,4,3,6,True,Neutral,0.3.4,COMMISSIONED_PLACEHOLDER,Devora Studios,True,7,CompositeFXAnimation;RandomSoundFXAnimation,,
Remit,Spell,[Range 2]: Return target minion to its controller's hand.,Psychic,1,,,,,Archaeon,0.4.15,AI_GENERATED,DALL-E,True,2,RandomSoundFXAnimation,Starter Mage,
Revoke the Living,Spell,"All enemies within Range 1 of your territory gain 2 Poison. Gain <sprite name=""dominion_1""> Dominion.",None,4,,,,,Grenalia,0.1.14,COMMISSIONED_PLACEHOLDER,Devora Studios,True,6,LoopingParticle;ParticleDisplayFXAnimation;RandomSoundFXAnimation,,
"Rhea, Morning Saint",Minion,"Legendary. Shield. Arrival: If your other minions' total Health is at least 7, give the leftmost minion card in your hand +<sprite name=""power_5""><sprite name=""speed_1""><sprite name=""health_5""> and Shield.",Human,5,6,3,3,True,Lucia,0.6.15,COMMISSIONED_PLACEHOLDER,Elvis Esparago,True,15,BattleHit;BattleSound;CardLoopingParticle;CompositeFXAnimation;RandomSoundFXAnimation,,
Ritual of Shadows,Spell,Shuffle 3 Dark Offerings into your deck.,None,1,,,,,Shadis,0.4.25,COMMISSIONED_PLACEHOLDER,Amna Zaki,True,3,RandomSoundFXAnimation,,Dark Offering
Royal Commander,Minion,"Ally minions within Range 3 have +<sprite name=""power_1""><sprite name=""speed_1""><sprite name=""health_1"">.",Human,6,6,3,6,,Neutral,0.4.42,ARTIST_COMMISSIONED,Tomas Vinco,True,9,AuraSigil;CompositeFXAnimation;RandomSoundFXAnimation,"Starter Death, Starter Military",
Rule the Hinterlands,Spell,"Claim target uncontested tile adjacent to your territory. Gain <sprite name=""dominion_2""> Dominion.",None,3,,,,,Grenalia,0.1.4,COMMISSIONED_PLACEHOLDER,Devora Studios,True,2,RandomSoundFXAnimation,,
Runic Knight,Minion,Spell-Damage +1.  (Spells you play deal an extra 1 damage.),Human,3,3,3,4,,Neutral,0.4.42,ARTIST_COMMISSIONED,Tomas Vinco,True,7,CompositeFXAnimation;RandomSoundFXAnimation,Starter Mage,
Sacrificial Offering,Spell,Sacrifice target minion. Draw 2 cards.,None,1,,,,,Shadis,0.4.15,COMMISSIONED_PLACEHOLDER,Devora Studios,True,2,RandomSoundFXAnimation,Starter Death,
Sage Potion,Spell,"[Range 2]: Target minion gains ""When you draw a card, gain +<sprite name=""power_1""> and +<sprite name=""health_1"">.""",Potion,2,,,,,Archaeon,0.4.23,ARTIST_COMMISSIONED,Tomas Vinco,True,6,LoopingParticle;ParticleDisplayFXAnimation;RandomSoundFXAnimation;SingleSoundFXAnimation;SpriteProjectileFXAnimation,,
Sanguine Baroness,Minion,"Fatal. Arrival: Draw 2 cards and your commander heals <sprite name=""health_2"">.",Vampire,7,3,3,3,,Neutral,0.4.42,COMMISSIONED_PLACEHOLDER,Amna Zaki,True,11,CompositeFXAnimation;RandomSoundFXAnimation,,
Scout Hunter,Minion,Commander-Deploy. Spellcaster. Arrival: Refresh 5 Mana.,Arachnid,5,4,3,4,,Archaeon,0.4.25,ARTIST_COMMISSIONED,Marc Petrelis,True,10,BattleHit;BattleSound;CompositeFXAnimation;RandomSoundFXAnimation,Starter Mage,
Second Experiment,Minion,"When you play a Potion on an ally Experiment, gain +<sprite name=""power_1""> and +<sprite name=""speed_1"">.",Experiment,2,3,1,3,,Neutral,0.1.7,COMMISSIONED_PLACEHOLDER,Devora Studios,True,8,CompositeFXAnimation;RandomSoundFXAnimation,,
Sentinel of Light,Minion,Lifelink. Shield. Sentinel.,Human,2,2,3,2,,Lucia,0.4.8,COMMISSIONED_PLACEHOLDER,Elvis Esparago,True,12,CompositeFXAnimation;RandomSoundFXAnimation,Starter Military,
Settle Village,Spell,Convert target tile you own to a Village.,Village,3,,,,,Neutral,0.1.1,COMMISSIONED_PLACEHOLDER,Devora Studios,True,2,RandomSoundFXAnimation;SingleSoundFXAnimation,,
Shield Potion,Spell,[Range 2]: Target character gains Shield.,Potion,1,,,,,Lucia,0.4.8,ARTIST_COMMISSIONED,Tomas Vinco,True,7,ParticleDisplayFXAnimation;RandomSoundFXAnimation;SingleSoundFXAnimation;SpriteProjectileFXAnimation,,
Shock Nova,Spell,Deal 1 damage to ALL characters.,Lightning,1,,,,,Skaal,0.1.21,ARTIST_COMMISSIONED,Marc Petrelis,True,2,RandomSoundFXAnimation,,
Silence,Spell,[Range 4]: Silence target minion.,None,0,,,,,Lucia,0.4.43,COMMISSIONED_PLACEHOLDER,Devora Studios,True,2,RandomSoundFXAnimation,,
Silver Dragon,Minion,"Flying. Shield. [Warmup 3, Range 2]: Stun enemies within 1 Radius.",Dragon,5,5,4,5,,Neutral,0.4.22,ARTIST_COMMISSIONED,Marc Petrelis,True,13,CompositeFXAnimation;RandomSoundFXAnimation,,
Skaali Blessing,Spell,"Give your Weapon +<sprite name=""power_1""><sprite name=""speed_1""><sprite name=""durability_1"">. If you don't have a Weapon equipped, draw one from your deck.",None,1,,,,,Skaal,1.2.1,COMMISSIONED_PLACEHOLDER,Amna Zaki,True,2,RandomSoundFXAnimation,,
Skerr'drix,Minion,"Legendary. Spellcaster. When you play a non-Ethereal spell, add an Ethereal copy to your hand that costs <sprite name=""mana_0"">.",Dragon,8,6,4,6,True,Neutral,0.4.6,ARTIST_COMMISSIONED,Marc Petrelis,True,14,CardLoopingParticle;CompositeFXAnimation;RandomSoundFXAnimation,,
Slash and Burn,Spell,"Unclaim target tile you own. Gain <sprite name=""dominion_2""> Dominion.",Fire,1,,,,,Skaal,0.2.10,COMMISSIONED_PLACEHOLDER,Indra Atmana,True,2,RandomSoundFXAnimation,,
Slay the Mighty,Spell,"[Range 4]: Destroy target minion with Power <sprite name=""power_5""> or more.",None,3,,,,,Lucia,0.1.2,ARTIST_COMMISSIONED,Tomas Vinco,True,3,ParticleDisplayFXAnimation;RandomSoundFXAnimation;SingleSoundFXAnimation,Starter Military,
Soul Sale,Spell,"Add 3 Imps to your hand with Ethereal. They cost <sprite name=""mana_0"">.",None,4,,,,,Shadis,0.4.44,COMMISSIONED_PLACEHOLDER,Amna Zaki,True,9,CardLoopingParticle;CompositeFXAnimation;RandomSoundFXAnimation,,Imp
Soulreap,Spell,"Target enemy minion loses <sprite name=""power_6""> and <sprite name=""health_6"">. Your commander heals <sprite name=""health_6"">. Costs <sprite name=""mana_5""> less if you control a Daemon.",None,8,,,,,Shadis,0.4.22,COMMISSIONED_PLACEHOLDER,Amna Zaki,True,10,CharacterSqueezeFXAnimation;CompositeFXAnimation;LoopingParticle;ParticleOrbitFXAnimation;PortraitShaderFXAnimation;RandomSoundFXAnimation;SingleSoundFXAnimation;TimedParticleFXAnimation,,
Spiderling Rider,Minion,Trample. [Range 2 Attack]: Deal 2 damage to target enemy if you control another Arachnid.,Arachnid,3,3,3,3,,Neutral,0.4.38,ARTIST_COMMISSIONED,Marc Petrelis,True,12,CompositeFXAnimation;ParticleDisplayFXAnimation;ParticleTwoPointMotionFXAnimation;RandomSoundFXAnimation;SingleSoundFXAnimation,,
Spoils of War,Spell,Discard your hand. Draw cards equal to the number of tiles you own.,None,5,,,,,Skaal,0.4.7,COMMISSIONED_PLACEHOLDER,Indra Atmana,True,2,RandomSoundFXAnimation,,
Spore Thresher,Minion,"At the end of your turn, enemies within Range 2 gain 2 Poison and allies within Range 2 heal <sprite name=""health_2"">.",Plant,6,1,0,6,,Grenalia,0.2.5,ARTIST_COMMISSIONED,Tomas Vinco,True,10,LoopingParticle;ParticleDisplayFXAnimation;RandomSoundFXAnimation;SingleSoundFXAnimation,,
Stagasus,Minion,"Flying. [Pay <sprite name=""mana_1"">, Warmup 1, Range 2]: Target ally gains +4 Movement.",Beast,2,2,2,2,,Neutral,0.1.1,ARTIST_COMMISSIONED,Marc Petrelis,True,8,CompositeFXAnimation;RandomSoundFXAnimation,Starter Deploy,
Stalking Hippo,Minion,"Regenerate 5.  (Heals <sprite name=""health_5""> at the end of your turn.)",Beast,5,4,4,6,,Neutral,0.4.42,COMMISSIONED_PLACEHOLDER,Ramon Gomez,True,8,CompositeFXAnimation;RandomSoundFXAnimation,Starter Beasts,
Stalwart Tarantula,Minion,"Sentinel. Has +<sprite name=""power_2""> during enemy turns.",Arachnid,3,2,3,5,,Neutral,0.4.20,COMMISSIONED_PLACEHOLDER,Devora Studios,True,11,BattleHit;BattleSound;CompositeFXAnimation;RandomSoundFXAnimation,Starter Death,
Stampede,Spell,"Beasts you control within Range 3 gain +<sprite name=""power_3""><sprite name=""speed_2""><sprite name=""health_3""> and Trample until end of the turn.",None,6,,,,,Grenalia,0.3.2,ARTIST_COMMISSIONED,Marc Petrelis,True,4,RandomSoundFXAnimation,,
Steel Lancer,Minion,Haste. Shield.,Human,5,4,3,2,,Neutral,0.4.42,COMMISSIONED_PLACEHOLDER,Devora Studios,True,13,BattleSound;CompositeFXAnimation;RandomSoundFXAnimation;SingleSoundFXAnimation,Starter Death,
Stormrider Zurn,Minion,"Legendary. Spellcaster. Haste. When you play a Lightning spell, gain +<sprite name=""power_2""><sprite name=""speed_2""><sprite name=""health_2""> until end of the turn.",Demigod,4,6,0,6,True,Skaal,0.1.21,ARTIST_COMMISSIONED,Marc Petrelis,True,12,CompositeFXAnimation;RandomSoundFXAnimation;SingleSoundFXAnimation,,
Stout Knight,Minion,Shield.  (Prevent the first time this would be damaged from another source.),Dwarf,1,2,2,1,,Neutral,0.4.14,COMMISSIONED_PLACEHOLDER,Amna Zaki,True,10,CompositeFXAnimation;RandomSoundFXAnimation,,
Strategic Reserves,Spell,Draw a minion from your deck. It gains Deploy.,None,2,,,,,Skaal,0.4.41,ARTIST_COMMISSIONED,Indra Atmana,True,1,RandomSoundFXAnimation,,
Stumbling Ghoul,Minion,"Postmortem: Summon a <sprite name=""power_2""><sprite name=""speed_2""><sprite name=""health_2""> Zombie.",Undead,1,1,2,1,,Shadis,0.4.18,COMMISSIONED_PLACEHOLDER,Amna Zaki,True,8,CompositeFXAnimation;RandomSoundFXAnimation,,Zombie
Styrian Infantry,Minion,Arrival: Draw a card if you have 3 or less maximum Mana.,Human,1,2,3,1,,Neutral,0.1.1,ARTIST_COMMISSIONED,Tomas Vinco,True,7,CompositeFXAnimation;RandomSoundFXAnimation,,
Supercharger,Minion,[Warmup 1]: All adjacent allies gain +1 Movement and regain an Attack.,Mech,5,6,3,4,,Neutral,0.2.10,COMMISSIONED_PLACEHOLDER,Devora Studios,True,12,BattleHit;BattleSound;CompositeFXAnimation;RandomSoundFXAnimation,Starter Mage,
Swiftfoot Goblin,Minion,"Haste.  (When played, can move and Attack immediately.)",Goblin,1,2,2,1,,Neutral,0.1.27,COMMISSIONED_PLACEHOLDER,Amna Zaki,True,9,CompositeFXAnimation;RandomSoundFXAnimation;SingleSoundFXAnimation,"Starter Death, Starter Deploy",
Swiftness Potion,Spell,"[Range 2]: Target minion gains +<sprite name=""speed_3"">.",Potion,2,,,,,Neutral,0.1.4,ARTIST_COMMISSIONED,Tomas Vinco,True,9,CompositeFXAnimation;LoopingParticle;ParticleDisplayFXAnimation;RandomSoundFXAnimation;SingleSoundFXAnimation;SpriteProjectileFXAnimation,,
Tadpole,Minion,"When you play a spell, Tadpole gains +<sprite name=""power_1""> and +<sprite name=""health_1"">.",Beast,1,1,3,2,,Neutral,0.1.2,COMMISSIONED_PLACEHOLDER,Ramon Gomez,True,8,CompositeFXAnimation;RandomSoundFXAnimation,Starter Mage,
Tax Collector,Minion,"Arrival: ALL players gain <sprite name=""dominion_2""> Dominion.",Human,4,2,4,6,,Neutral,0.6.5,COMMISSIONED_PLACEHOLDER,Indra Atmana,True,8,CompositeFXAnimation;RandomSoundFXAnimation,,
Throne Guardian,Minion,"Flying. Arrival: Gain <sprite name=""dominion_1""> Dominion, Gain <sprite name=""intellect_1""> Intellect, Draw 1 card.",Dragon,5,4,4,4,,Neutral,0.4.4,ARTIST_COMMISSIONED,Marc Petrelis,True,7,CompositeFXAnimation;RandomSoundFXAnimation,,
Thunder Jolt,Spell,[Range 4]: Deal 1 damage to target character.,Lightning,0,,,,,Skaal,0.1.4,ARTIST_COMMISSIONED,Marc Petrelis,True,4,EntryEffect;ParticleDisplayFXAnimation;RandomSoundFXAnimation;SingleSoundFXAnimation,,
Thunder Skywhale,Minion,Deploy. Flying. Arrival: Return all enemy minions within Range 2 that have Health less than the number of tiles in your territory.,Beast,8,6,3,6,,Archaeon,0.4.41,ARTIST_COMMISSIONED,Marc Petrelis,True,12,BattleHit;BattleSound;CompositeFXAnimation;RandomSoundFXAnimation,,
Thunder Step,Spell,"Target character you control may Teleport up to 2 tiles this turn. Before it does, Stun all adjacent minions.",Lightning,3,,,,,Skaal,0.4.5,COMMISSIONED_PLACEHOLDER,Indra Atmana,True,6,RandomSoundFXAnimation,,
Thunderous Warbeast,Minion,"Arrival: Add 2 Thunder Jolts to your hand. When you play a Lightning spell, your commander heals <sprite name=""health_2"">.",Beast,5,4,3,5,,Skaal,0.2.5,COMMISSIONED_PLACEHOLDER,Devora Studios,True,15,BattleHit;BattleSound;EntryEffect;ParticleDisplayFXAnimation;RandomSoundFXAnimation;SingleSoundFXAnimation,,Thunder Jolt
Titan Herald,Minion,Arrival: Draw the highest cost card from your deck and unclaim the current tile.,Human,4,4,3,3,,Neutral,0.2.10,COMMISSIONED_PLACEHOLDER,Devora Studios,True,10,CompositeFXAnimation;RandomSoundFXAnimation,,
Toxic Watering,Spell,"Your Plants gain ""At the end of each of your turns, enemy commanders gain 1 Poison.""",None,1,,,,,Grenalia,0.4.22,COMMISSIONED_PLACEHOLDER,Devora Studios,True,7,LoopingParticle;ParticleDisplayFXAnimation;RandomSoundFXAnimation,,
Toxicologist,Minion,"Realmbound. At the start of your turn: Add a Poison Sting to your hand. If Toxicologist has Poison, add 2.",Human,3,1,1,6,,Grenalia,0.4.8,ARTIST_COMMISSIONED,Marc Petrelis,True,14,CompositeFXAnimation;LoopingParticle;ParticleDisplayFXAnimation;RandomSoundFXAnimation,,Poison Sting
Toxicologist's Vial,Spell,[Range 2]: Double target character's Poison.,Potion,4,,,,,Grenalia,0.1.14,ARTIST_COMMISSIONED,Tomas Vinco,True,12,CompositeFXAnimation;LoopingParticle;ParticleDisplayFXAnimation;RandomSoundFXAnimation;SingleSoundFXAnimation;SpriteProjectileFXAnimation,,
Tree of Life,Minion,"Legendary. At the end of your turn, your commander and Plants you control gain +<sprite name=""health_2""> (increases Max Health).",Plant,7,2,0,13,True,Grenalia,0.4.26,COMMISSIONED_PLACEHOLDER,Devora Studios,True,8,CompositeFXAnimation;RandomSoundFXAnimation,,
Trinket Trasher,Minion,Goblin-Deploy. Arrival: Destroy enemy commanders' Weapons.,Goblin,2,3,2,2,,Neutral,1.2.0,COMMISSIONED_PLACEHOLDER,Amna Zaki,True,7,CompositeFXAnimation;RandomSoundFXAnimation,,
Tyrannic Ideal,Spell,Convert your excess Intellect into Dominion.,Psychic,2,,,,,Archaeon,1.1.1,COMMISSIONED_PLACEHOLDER,Indra Atmana,True,1,RandomSoundFXAnimation,,
Undying Behemoth,Minion,"Sentinel. Postmortem: Summon a <sprite name=""power_2""><sprite name=""speed_2""><sprite name=""health_2""> Zombie that has ""Postmortem: Summon a <sprite name=""power_2""><sprite name=""speed_2""><sprite name=""health_2""> Zombie.""",Undead,6,5,2,5,,Shadis,0.4.18,COMMISSIONED_PLACEHOLDER,Amna Zaki,True,14,BattleHit;BattleSound;CompositeFXAnimation;RandomSoundFXAnimation,,Zombie
Ursine Blade Trio,Minion,Commander-Deploy. Arrival: Draw another Ursine Blade Trio from your deck.,Beast,3,3,3,3,,Neutral,0.2.10,ARTIST_COMMISSIONED,Tomas Vinco,True,9,CompositeFXAnimation;RandomSoundFXAnimation,,
"Vergis, Doomed Archaeologist",Minion,Legendary. Arrival: Shuffle Artifact of the End into your deck.,Dwarf,6,4,2,6,True,Neutral,0.4.19,COMMISSIONED_PLACEHOLDER,Devora Studios,True,22,CompositeFXAnimation;RandomSoundFXAnimation;SingleSoundFXAnimation,,Artifact of the End
Viridian War Beast,Minion,"Trample.  (When attacking and killing an enemy, regain an Attack.)",Beast,8,7,3,12,,Neutral,0.1.1,ARTIST_COMMISSIONED,Marc Petrelis,True,9,BattleSound;CompositeFXAnimation;RandomSoundFXAnimation,,
Vyre Aristocrat,Minion,"Lifelink. [Pay <sprite name=""mana_1"">]: Sacrifice target adjacent minion to gain +<sprite name=""power_2""> and +<sprite name=""health_2"">.",Vampire,2,2,3,2,,Shadis,0.4.18,COMMISSIONED_PLACEHOLDER,Amna Zaki,True,10,CompositeFXAnimation;RandomSoundFXAnimation,,
Wandering Ancient,Minion,Spellcaster. Veiled. Regenerate 3.,Beast,10,10,4,12,,Neutral,0.1.7,COMMISSIONED_PLACEHOLDER,Ramon Gomez,True,12,BattleHit;BattleSound;CompositeFXAnimation;RandomSoundFXAnimation,,
War Banner,Minion,"Deploy. Adjacent ally minions have +<sprite name=""power_2"">.",None,1,0,0,2,,Skaal,0.3.2,ARTIST_COMMISSIONED,Indra Atmana,True,7,AuraSigil;CompositeFXAnimation;RandomSoundFXAnimation,,
War Chest,Spell,"Gain <sprite name=""mana_1""> this turn, and at the start of your next turn.",None,0,,,,,Treasure,1.0.2,COMMISSIONED_PLACEHOLDER,Indra Atmana,True,2,RandomSoundFXAnimation,,
Warcry,Spell,"Your characters within Range 3 gain +<sprite name=""power_2""> and +<sprite name=""speed_2""> until end of the turn.",None,3,,,,,Skaal,0.3.2,COMMISSIONED_PLACEHOLDER,Indra Atmana,True,2,RandomSoundFXAnimation,,
Warlord's Mace,Spell,"Weapon Offensive. When you attack and kill a minion, gain <sprite name=""dominion_1""> Dominion.",None,3,,,,,Neutral,1.2.0,COMMISSIONED_PLACEHOLDER,Amna Zaki,True,4,RandomSoundFXAnimation;WeaponBattleSound;WeaponDestroySound;WeaponEquipSound,,
Warscarred Rhino,Minion,Trample. Arrival: Warscarred Rhino deals 4 damage to itself.,Beast,4,5,3,7,,Neutral,0.1.2,COMMISSIONED_PLACEHOLDER,Ramon Gomez,True,9,CompositeFXAnimation;RandomSoundFXAnimation,Starter Military,
Warscarred Soldier,Minion,Arrival: Warscarred Soldier deals 5 damage to itself.,Human,1,2,3,6,,Neutral,0.2.1,COMMISSIONED_PLACEHOLDER,Elvis Esparago,True,8,CompositeFXAnimation;RandomSoundFXAnimation,Starter Military,
Wise Elder,Minion,Arrival: Each player draws 2 cards.,Elf,3,2,2,2,,Neutral,0.4.28,COMMISSIONED_PLACEHOLDER,Indra Atmana,True,8,CompositeFXAnimation;RandomSoundFXAnimation,,
"Yorefell, Blade of Lusheim",Spell,Weapon Lifelink. Does not lose Durability when you attack.,None,8,,,,,Lucia,1.2.1,COMMISSIONED_PLACEHOLDER,Amna Zaki,True,7,RandomSoundFXAnimation;WeaponBattleSound;WeaponDestroySound;WeaponEquipSound;WeaponHit;WeaponSlash,,
Zealous Captain,Minion,"When a character you control is healed, adjacent ally minions gain +<sprite name=""power_1""> and +<sprite name=""health_1"">.",Human,5,4,4,4,,Lucia,0.1.7,COMMISSIONED_PLACEHOLDER,Elvis Esparago,True,8,CompositeFXAnimation;RandomSoundFXAnimation,,
Zealous Strength,Spell,"Ally minions within Range 3 gain +<sprite name=""power_2""> and +<sprite name=""health_2"">. They also gain +1 Movement until end of the turn.",None,4,,,,,Lucia,0.1.1,COMMISSIONED_PLACEHOLDER,Devora Studios,True,2,RandomSoundFXAnimation,,
"Zoghn, Eye of Treason",Minion,Legendary. Arrival: Destroy half your deck. [Cooldown 1]: Draw a card from an enemy deck.,Demigod,5,2,0,10,True,Archaeon,0.4.17,ARTIST_COMMISSIONED,Marc Petrelis,True,8,CompositeFXAnimation;RandomSoundFXAnimation,,
Zoloth the Butcher,Minion,"Legendary. Arrival: Sacrifice target minion to add 3 <sprite name=""power_2""><sprite name=""speed_2""><sprite name=""health_2""> Zombies to your hand with Ethereal that cost <sprite name=""mana_0"">.",Undead,5,6,2,3,True,Shadis,0.6.2,COMMISSIONED_PLACEHOLDER,Amna Zaki,True,16,BattleHit;BattleSound;CardLoopingParticle;CompositeFXAnimation;RandomSoundFXAnimation,,Zombie
